"filename", "language", "JavaScript", "TypeScript", "TypeScript React", "XML", "CSS", "JavaScript React", "JSON", "Less", "comment", "blank", "total"
"/Users/xiaodi/Desktop/program/react/react-workfly/src/App.css", "CSS", 0, 0, 0, 0, 355, 0, 0, 0, 46, 56, 457
"/Users/xiaodi/Desktop/program/react/react-workfly/src/App.test.js", "JavaScript", 3, 0, 0, 0, 0, 0, 0, 0, 5, 2, 10
"/Users/xiaodi/Desktop/program/react/react-workfly/src/App.test.tsx", "TypeScript React", 0, 0, 8, 0, 0, 0, 0, 0, 0, 2, 10
"/Users/xiaodi/Desktop/program/react/react-workfly/src/App.tsx", "TypeScript React", 0, 0, 101, 0, 0, 0, 0, 0, 22, 11, 134
"/Users/xiaodi/Desktop/program/react/react-workfly/src/assets/css/button.css", "CSS", 0, 0, 0, 0, 46, 0, 0, 0, 10, 4, 60
"/Users/xiaodi/Desktop/program/react/react-workfly/src/assets/editor/bold.svg", "XML", 0, 0, 0, 14, 0, 0, 0, 0, 1, 0, 15
"/Users/xiaodi/Desktop/program/react/react-workfly/src/assets/editor/italic.svg", "XML", 0, 0, 0, 16, 0, 0, 0, 0, 1, 0, 17
"/Users/xiaodi/Desktop/program/react/react-workfly/src/assets/editor/redo.svg", "XML", 0, 0, 0, 14, 0, 0, 0, 0, 1, 0, 15
"/Users/xiaodi/Desktop/program/react/react-workfly/src/assets/editor/strike.svg", "XML", 0, 0, 0, 17, 0, 0, 0, 0, 1, 0, 18
"/Users/xiaodi/Desktop/program/react/react-workfly/src/assets/editor/undo.svg", "XML", 0, 0, 0, 14, 0, 0, 0, 0, 1, 0, 15
"/Users/xiaodi/Desktop/program/react/react-workfly/src/assets/svg/addCreate.svg", "XML", 0, 0, 0, 12, 0, 0, 0, 0, 1, 0, 13
"/Users/xiaodi/Desktop/program/react/react-workfly/src/assets/svg/addKr.svg", "XML", 0, 0, 0, 17, 0, 0, 0, 0, 1, 0, 18
"/Users/xiaodi/Desktop/program/react/react-workfly/src/assets/svg/all.svg", "XML", 0, 0, 0, 15, 0, 0, 0, 0, 1, 0, 16
"/Users/xiaodi/Desktop/program/react/react-workfly/src/assets/svg/allGroup.svg", "XML", 0, 0, 0, 17, 0, 0, 0, 0, 1, 0, 18
"/Users/xiaodi/Desktop/program/react/react-workfly/src/assets/svg/android.svg", "XML", 0, 0, 0, 15, 0, 0, 0, 0, 1, 0, 16
"/Users/xiaodi/Desktop/program/react/react-workfly/src/assets/svg/battery.svg", "XML", 0, 0, 0, 13, 0, 0, 0, 0, 1, 0, 14
"/Users/xiaodi/Desktop/program/react/react-workfly/src/assets/svg/bg-gray.svg", "XML", 0, 0, 0, 33, 0, 0, 0, 0, 1, 0, 34
"/Users/xiaodi/Desktop/program/react/react-workfly/src/assets/svg/bg-white.svg", "XML", 0, 0, 0, 33, 0, 0, 0, 0, 1, 0, 34
"/Users/xiaodi/Desktop/program/react/react-workfly/src/assets/svg/biaoge-black.svg", "XML", 0, 0, 0, 8, 0, 0, 0, 0, 1, 0, 9
"/Users/xiaodi/Desktop/program/react/react-workfly/src/assets/svg/biaoge-white.svg", "XML", 0, 0, 0, 8, 0, 0, 0, 0, 1, 0, 9
"/Users/xiaodi/Desktop/program/react/react-workfly/src/assets/svg/bigClose.svg", "XML", 0, 0, 0, 20, 0, 0, 0, 0, 1, 0, 21
"/Users/xiaodi/Desktop/program/react/react-workfly/src/assets/svg/bug.svg", "XML", 0, 0, 0, 10, 0, 0, 0, 0, 1, 0, 11
"/Users/xiaodi/Desktop/program/react/react-workfly/src/assets/svg/calendarLeft.svg", "XML", 0, 0, 0, 1, 0, 0, 0, 0, 0, 0, 1
"/Users/xiaodi/Desktop/program/react/react-workfly/src/assets/svg/calendarRight.svg", "XML", 0, 0, 0, 1, 0, 0, 0, 0, 0, 0, 1
"/Users/xiaodi/Desktop/program/react/react-workfly/src/assets/svg/cancelUpAlign.svg", "XML", 0, 0, 0, 18, 0, 0, 0, 0, 1, 0, 19
"/Users/xiaodi/Desktop/program/react/react-workfly/src/assets/svg/care.svg", "XML", 0, 0, 0, 14, 0, 0, 0, 0, 1, 0, 15
"/Users/xiaodi/Desktop/program/react/react-workfly/src/assets/svg/changeFather.svg", "XML", 0, 0, 0, 12, 0, 0, 0, 0, 1, 0, 13
"/Users/xiaodi/Desktop/program/react/react-workfly/src/assets/svg/chat.svg", "XML", 0, 0, 0, 19, 0, 0, 0, 0, 1, 0, 20
"/Users/xiaodi/Desktop/program/react/react-workfly/src/assets/svg/chrome.svg", "XML", 0, 0, 0, 5, 0, 0, 0, 0, 0, 0, 5
"/Users/xiaodi/Desktop/program/react/react-workfly/src/assets/svg/clickNum.svg", "XML", 0, 0, 0, 12, 0, 0, 0, 0, 1, 0, 13
"/Users/xiaodi/Desktop/program/react/react-workfly/src/assets/svg/clock.svg", "XML", 0, 0, 0, 10, 0, 0, 0, 0, 1, 0, 11
"/Users/xiaodi/Desktop/program/react/react-workfly/src/assets/svg/cloneGroup.svg", "XML", 0, 0, 0, 14, 0, 0, 0, 0, 1, 0, 15
"/Users/xiaodi/Desktop/program/react/react-workfly/src/assets/svg/close.svg", "XML", 0, 0, 0, 12, 0, 0, 0, 0, 1, 0, 13
"/Users/xiaodi/Desktop/program/react/react-workfly/src/assets/svg/clouds.svg", "XML", 0, 0, 0, 23, 0, 0, 0, 0, 1, 0, 24
"/Users/xiaodi/Desktop/program/react/react-workfly/src/assets/svg/company.svg", "XML", 0, 0, 0, 16, 0, 0, 0, 0, 1, 0, 17
"/Users/xiaodi/Desktop/program/react/react-workfly/src/assets/svg/companyDown.svg", "XML", 0, 0, 0, 13, 0, 0, 0, 0, 1, 0, 14
"/Users/xiaodi/Desktop/program/react/react-workfly/src/assets/svg/companyIcon.svg", "XML", 0, 0, 0, 18, 0, 0, 0, 0, 1, 0, 19
"/Users/xiaodi/Desktop/program/react/react-workfly/src/assets/svg/companyIcon1.svg", "XML", 0, 0, 0, 17, 0, 0, 0, 0, 1, 0, 18
"/Users/xiaodi/Desktop/program/react/react-workfly/src/assets/svg/companyIcon2.svg", "XML", 0, 0, 0, 18, 0, 0, 0, 0, 1, 0, 19
"/Users/xiaodi/Desktop/program/react/react-workfly/src/assets/svg/companyIcon3.svg", "XML", 0, 0, 0, 17, 0, 0, 0, 0, 1, 0, 18
"/Users/xiaodi/Desktop/program/react/react-workfly/src/assets/svg/companyIcon4.svg", "XML", 0, 0, 0, 16, 0, 0, 0, 0, 1, 0, 17
"/Users/xiaodi/Desktop/program/react/react-workfly/src/assets/svg/companyIcon5.svg", "XML", 0, 0, 0, 14, 0, 0, 0, 0, 1, 0, 15
"/Users/xiaodi/Desktop/program/react/react-workfly/src/assets/svg/companyRole1.svg", "XML", 0, 0, 0, 1, 0, 0, 0, 0, 0, 0, 1
"/Users/xiaodi/Desktop/program/react/react-workfly/src/assets/svg/companyRole2.svg", "XML", 0, 0, 0, 1, 0, 0, 0, 0, 0, 0, 1
"/Users/xiaodi/Desktop/program/react/react-workfly/src/assets/svg/companyTab1.svg", "XML", 0, 0, 0, 12, 0, 0, 0, 0, 1, 0, 13
"/Users/xiaodi/Desktop/program/react/react-workfly/src/assets/svg/companyTab2.svg", "XML", 0, 0, 0, 12, 0, 0, 0, 0, 1, 0, 13
"/Users/xiaodi/Desktop/program/react/react-workfly/src/assets/svg/companyTab3.svg", "XML", 0, 0, 0, 17, 0, 0, 0, 0, 1, 0, 18
"/Users/xiaodi/Desktop/program/react/react-workfly/src/assets/svg/companyTab4.svg", "XML", 0, 0, 0, 17, 0, 0, 0, 0, 1, 0, 18
"/Users/xiaodi/Desktop/program/react/react-workfly/src/assets/svg/companyUp.svg", "XML", 0, 0, 0, 13, 0, 0, 0, 0, 1, 0, 14
"/Users/xiaodi/Desktop/program/react/react-workfly/src/assets/svg/computer.svg", "XML", 0, 0, 0, 14, 0, 0, 0, 0, 1, 0, 15
"/Users/xiaodi/Desktop/program/react/react-workfly/src/assets/svg/confidence.svg", "XML", 0, 0, 0, 13, 0, 0, 0, 0, 1, 0, 14
"/Users/xiaodi/Desktop/program/react/react-workfly/src/assets/svg/confidencew.svg", "XML", 0, 0, 0, 13, 0, 0, 0, 0, 1, 0, 14
"/Users/xiaodi/Desktop/program/react/react-workfly/src/assets/svg/contactBook.svg", "XML", 0, 0, 0, 12, 0, 0, 0, 0, 1, 0, 13
"/Users/xiaodi/Desktop/program/react/react-workfly/src/assets/svg/contactGroup.svg", "XML", 0, 0, 0, 13, 0, 0, 0, 0, 1, 0, 14
"/Users/xiaodi/Desktop/program/react/react-workfly/src/assets/svg/contactOkr.svg", "XML", 0, 0, 0, 12, 0, 0, 0, 0, 1, 0, 13
"/Users/xiaodi/Desktop/program/react/react-workfly/src/assets/svg/contactTree-black.svg", "XML", 0, 0, 0, 14, 0, 0, 0, 0, 1, 0, 15
"/Users/xiaodi/Desktop/program/react/react-workfly/src/assets/svg/contactTree.svg", "XML", 0, 0, 0, 16, 0, 0, 0, 0, 1, 0, 17
"/Users/xiaodi/Desktop/program/react/react-workfly/src/assets/svg/contactTreeb.svg", "XML", 0, 0, 0, 16, 0, 0, 0, 0, 1, 0, 17
"/Users/xiaodi/Desktop/program/react/react-workfly/src/assets/svg/cooperation1.svg", "XML", 0, 0, 0, 33, 0, 0, 0, 0, 1, 0, 34
"/Users/xiaodi/Desktop/program/react/react-workfly/src/assets/svg/cooperation2.svg", "XML", 0, 0, 0, 20, 0, 0, 0, 0, 1, 0, 21
"/Users/xiaodi/Desktop/program/react/react-workfly/src/assets/svg/cooperation3.svg", "XML", 0, 0, 0, 18, 0, 0, 0, 0, 1, 0, 19
"/Users/xiaodi/Desktop/program/react/react-workfly/src/assets/svg/createChild.svg", "XML", 0, 0, 0, 16, 0, 0, 0, 0, 1, 0, 17
"/Users/xiaodi/Desktop/program/react/react-workfly/src/assets/svg/createGroup.svg", "XML", 0, 0, 0, 18, 0, 0, 0, 0, 1, 0, 19
"/Users/xiaodi/Desktop/program/react/react-workfly/src/assets/svg/createbro.svg", "XML", 0, 0, 0, 16, 0, 0, 0, 0, 1, 0, 17
"/Users/xiaodi/Desktop/program/react/react-workfly/src/assets/svg/cry.svg", "XML", 0, 0, 0, 13, 0, 0, 0, 0, 1, 0, 14
"/Users/xiaodi/Desktop/program/react/react-workfly/src/assets/svg/customService.svg", "XML", 0, 0, 0, 10, 0, 0, 0, 0, 1, 0, 11
"/Users/xiaodi/Desktop/program/react/react-workfly/src/assets/svg/customer1.svg", "XML", 0, 0, 0, 12, 0, 0, 0, 0, 1, 0, 13
"/Users/xiaodi/Desktop/program/react/react-workfly/src/assets/svg/customer10.svg", "XML", 0, 0, 0, 12, 0, 0, 0, 0, 1, 0, 13
"/Users/xiaodi/Desktop/program/react/react-workfly/src/assets/svg/customer11.svg", "XML", 0, 0, 0, 14, 0, 0, 0, 0, 1, 0, 15
"/Users/xiaodi/Desktop/program/react/react-workfly/src/assets/svg/customer12.svg", "XML", 0, 0, 0, 14, 0, 0, 0, 0, 1, 0, 15
"/Users/xiaodi/Desktop/program/react/react-workfly/src/assets/svg/customer13.svg", "XML", 0, 0, 0, 12, 0, 0, 0, 0, 1, 0, 13
"/Users/xiaodi/Desktop/program/react/react-workfly/src/assets/svg/customer2.svg", "XML", 0, 0, 0, 14, 0, 0, 0, 0, 1, 0, 15
"/Users/xiaodi/Desktop/program/react/react-workfly/src/assets/svg/customer3.svg", "XML", 0, 0, 0, 14, 0, 0, 0, 0, 1, 0, 15
"/Users/xiaodi/Desktop/program/react/react-workfly/src/assets/svg/customer4.svg", "XML", 0, 0, 0, 14, 0, 0, 0, 0, 1, 0, 15
"/Users/xiaodi/Desktop/program/react/react-workfly/src/assets/svg/customer5.svg", "XML", 0, 0, 0, 14, 0, 0, 0, 0, 1, 0, 15
"/Users/xiaodi/Desktop/program/react/react-workfly/src/assets/svg/customer6.svg", "XML", 0, 0, 0, 14, 0, 0, 0, 0, 1, 0, 15
"/Users/xiaodi/Desktop/program/react/react-workfly/src/assets/svg/customer7.svg", "XML", 0, 0, 0, 14, 0, 0, 0, 0, 1, 0, 15
"/Users/xiaodi/Desktop/program/react/react-workfly/src/assets/svg/customer8.svg", "XML", 0, 0, 0, 14, 0, 0, 0, 0, 1, 0, 15
"/Users/xiaodi/Desktop/program/react/react-workfly/src/assets/svg/customer9.svg", "XML", 0, 0, 0, 14, 0, 0, 0, 0, 1, 0, 15
"/Users/xiaodi/Desktop/program/react/react-workfly/src/assets/svg/defaultDepartMent.svg", "XML", 0, 0, 0, 15, 0, 0, 0, 0, 1, 0, 16
"/Users/xiaodi/Desktop/program/react/react-workfly/src/assets/svg/defaultGroup.svg", "XML", 0, 0, 0, 16, 0, 0, 0, 0, 1, 0, 17
"/Users/xiaodi/Desktop/program/react/react-workfly/src/assets/svg/defaultPerson.svg", "XML", 0, 0, 0, 15, 0, 0, 0, 0, 1, 0, 16
"/Users/xiaodi/Desktop/program/react/react-workfly/src/assets/svg/deleteIcon.svg", "XML", 0, 0, 0, 12, 0, 0, 0, 0, 1, 0, 13
"/Users/xiaodi/Desktop/program/react/react-workfly/src/assets/svg/empty.svg", "XML", 0, 0, 0, 22, 0, 0, 0, 0, 1, 0, 23
"/Users/xiaodi/Desktop/program/react/react-workfly/src/assets/svg/emptyData.svg", "XML", 0, 0, 0, 59, 0, 0, 0, 0, 1, 0, 60
"/Users/xiaodi/Desktop/program/react/react-workfly/src/assets/svg/eye.svg", "XML", 0, 0, 0, 10, 0, 0, 0, 0, 1, 0, 11
"/Users/xiaodi/Desktop/program/react/react-workfly/src/assets/svg/face.svg", "XML", 0, 0, 0, 20, 0, 0, 0, 0, 1, 0, 21
"/Users/xiaodi/Desktop/program/react/react-workfly/src/assets/svg/file1.svg", "XML", 0, 0, 0, 8, 0, 0, 0, 0, 1, 0, 9
"/Users/xiaodi/Desktop/program/react/react-workfly/src/assets/svg/file2.svg", "XML", 0, 0, 0, 8, 0, 0, 0, 0, 1, 0, 9
"/Users/xiaodi/Desktop/program/react/react-workfly/src/assets/svg/file3.svg", "XML", 0, 0, 0, 8, 0, 0, 0, 0, 1, 0, 9
"/Users/xiaodi/Desktop/program/react/react-workfly/src/assets/svg/fileEdit.svg", "XML", 0, 0, 0, 10, 0, 0, 0, 0, 1, 0, 11
"/Users/xiaodi/Desktop/program/react/react-workfly/src/assets/svg/fileGroup.svg", "XML", 0, 0, 0, 13, 0, 0, 0, 0, 1, 0, 14
"/Users/xiaodi/Desktop/program/react/react-workfly/src/assets/svg/fileGroupW.svg", "XML", 0, 0, 0, 13, 0, 0, 0, 0, 1, 0, 14
"/Users/xiaodi/Desktop/program/react/react-workfly/src/assets/svg/fileShare.svg", "XML", 0, 0, 0, 10, 0, 0, 0, 0, 1, 0, 11
"/Users/xiaodi/Desktop/program/react/react-workfly/src/assets/svg/fileUrl.svg", "XML", 0, 0, 0, 10, 0, 0, 0, 0, 1, 0, 11
"/Users/xiaodi/Desktop/program/react/react-workfly/src/assets/svg/fileView.svg", "XML", 0, 0, 0, 10, 0, 0, 0, 0, 1, 0, 11
"/Users/xiaodi/Desktop/program/react/react-workfly/src/assets/svg/finishb.svg", "XML", 0, 0, 0, 13, 0, 0, 0, 0, 1, 0, 14
"/Users/xiaodi/Desktop/program/react/react-workfly/src/assets/svg/fire.svg", "XML", 0, 0, 0, 12, 0, 0, 0, 0, 1, 0, 13
"/Users/xiaodi/Desktop/program/react/react-workfly/src/assets/svg/fireBlue.svg", "XML", 0, 0, 0, 12, 0, 0, 0, 0, 1, 0, 13
"/Users/xiaodi/Desktop/program/react/react-workfly/src/assets/svg/fixIcon.svg", "XML", 0, 0, 0, 11, 0, 0, 0, 0, 1, 0, 12
"/Users/xiaodi/Desktop/program/react/react-workfly/src/assets/svg/fullscreen.svg", "XML", 0, 0, 0, 12, 0, 0, 0, 0, 1, 0, 13
"/Users/xiaodi/Desktop/program/react/react-workfly/src/assets/svg/gridPersonb.svg", "XML", 0, 0, 0, 18, 0, 0, 0, 0, 1, 0, 19
"/Users/xiaodi/Desktop/program/react/react-workfly/src/assets/svg/gridTimeb.svg", "XML", 0, 0, 0, 20, 0, 0, 0, 0, 1, 0, 21
"/Users/xiaodi/Desktop/program/react/react-workfly/src/assets/svg/groupPersonb.svg", "XML", 0, 0, 0, 14, 0, 0, 0, 0, 1, 0, 15
"/Users/xiaodi/Desktop/program/react/react-workfly/src/assets/svg/groupSet6.svg", "XML", 0, 0, 0, 14, 0, 0, 0, 0, 1, 0, 15
"/Users/xiaodi/Desktop/program/react/react-workfly/src/assets/svg/groupb.svg", "XML", 0, 0, 0, 17, 0, 0, 0, 0, 1, 0, 18
"/Users/xiaodi/Desktop/program/react/react-workfly/src/assets/svg/help.svg", "XML", 0, 0, 0, 18, 0, 0, 0, 0, 1, 0, 19
"/Users/xiaodi/Desktop/program/react/react-workfly/src/assets/svg/helpMsg.svg", "XML", 0, 0, 0, 12, 0, 0, 0, 0, 1, 0, 13
"/Users/xiaodi/Desktop/program/react/react-workfly/src/assets/svg/hour.svg", "XML", 0, 0, 0, 10, 0, 0, 0, 0, 1, 0, 11
"/Users/xiaodi/Desktop/program/react/react-workfly/src/assets/svg/huoli.svg", "XML", 0, 0, 0, 8, 0, 0, 0, 0, 1, 0, 9
"/Users/xiaodi/Desktop/program/react/react-workfly/src/assets/svg/iconunCheck.svg", "XML", 0, 0, 0, 13, 0, 0, 0, 0, 1, 0, 14
"/Users/xiaodi/Desktop/program/react/react-workfly/src/assets/svg/ios.svg", "XML", 0, 0, 0, 15, 0, 0, 0, 0, 1, 0, 16
"/Users/xiaodi/Desktop/program/react/react-workfly/src/assets/svg/kr1Icon.svg", "XML", 0, 0, 0, 18, 0, 0, 0, 0, 1, 0, 19
"/Users/xiaodi/Desktop/program/react/react-workfly/src/assets/svg/kr2Icon.svg", "XML", 0, 0, 0, 19, 0, 0, 0, 0, 1, 0, 20
"/Users/xiaodi/Desktop/program/react/react-workfly/src/assets/svg/kr3Icon.svg", "XML", 0, 0, 0, 24, 0, 0, 0, 0, 1, 0, 25
"/Users/xiaodi/Desktop/program/react/react-workfly/src/assets/svg/labelb.svg", "XML", 0, 0, 0, 21, 0, 0, 0, 0, 1, 0, 22
"/Users/xiaodi/Desktop/program/react/react-workfly/src/assets/svg/learn.svg", "XML", 0, 0, 0, 18, 0, 0, 0, 0, 1, 0, 19
"/Users/xiaodi/Desktop/program/react/react-workfly/src/assets/svg/left.svg", "XML", 0, 0, 0, 26, 0, 0, 0, 0, 1, 0, 27
"/Users/xiaodi/Desktop/program/react/react-workfly/src/assets/svg/lineMagic.svg", "XML", 0, 0, 0, 6, 0, 0, 0, 0, 0, 0, 6
"/Users/xiaodi/Desktop/program/react/react-workfly/src/assets/svg/linkBigIcon.svg", "XML", 0, 0, 0, 23, 0, 0, 0, 0, 1, 0, 24
"/Users/xiaodi/Desktop/program/react/react-workfly/src/assets/svg/linkIcon.svg", "XML", 0, 0, 0, 17, 0, 0, 0, 0, 1, 0, 18
"/Users/xiaodi/Desktop/program/react/react-workfly/src/assets/svg/list.svg", "XML", 0, 0, 0, 1, 0, 0, 0, 0, 0, 0, 1
"/Users/xiaodi/Desktop/program/react/react-workfly/src/assets/svg/local.svg", "XML", 0, 0, 0, 15, 0, 0, 0, 0, 1, 0, 16
"/Users/xiaodi/Desktop/program/react/react-workfly/src/assets/svg/logo.svg", "XML", 0, 0, 0, 117, 0, 0, 0, 0, 1, 0, 118
"/Users/xiaodi/Desktop/program/react/react-workfly/src/assets/svg/member.svg", "XML", 0, 0, 0, 18, 0, 0, 0, 0, 1, 0, 19
"/Users/xiaodi/Desktop/program/react/react-workfly/src/assets/svg/messageButton.svg", "XML", 0, 0, 0, 10, 0, 0, 0, 0, 1, 0, 11
"/Users/xiaodi/Desktop/program/react/react-workfly/src/assets/svg/messageFinish.svg", "XML", 0, 0, 0, 10, 0, 0, 0, 0, 1, 0, 11
"/Users/xiaodi/Desktop/program/react/react-workfly/src/assets/svg/messageHand.svg", "XML", 0, 0, 0, 12, 0, 0, 0, 0, 1, 0, 13
"/Users/xiaodi/Desktop/program/react/react-workfly/src/assets/svg/messageTime.svg", "XML", 0, 0, 0, 13, 0, 0, 0, 0, 1, 0, 14
"/Users/xiaodi/Desktop/program/react/react-workfly/src/assets/svg/messageType20.svg", "XML", 0, 0, 0, 15, 0, 0, 0, 0, 1, 0, 16
"/Users/xiaodi/Desktop/program/react/react-workfly/src/assets/svg/messageType21.svg", "XML", 0, 0, 0, 13, 0, 0, 0, 0, 1, 0, 14
"/Users/xiaodi/Desktop/program/react/react-workfly/src/assets/svg/messageType22.svg", "XML", 0, 0, 0, 13, 0, 0, 0, 0, 1, 0, 14
"/Users/xiaodi/Desktop/program/react/react-workfly/src/assets/svg/messageType26.svg", "XML", 0, 0, 0, 16, 0, 0, 0, 0, 1, 0, 17
"/Users/xiaodi/Desktop/program/react/react-workfly/src/assets/svg/messageType27.svg", "XML", 0, 0, 0, 13, 0, 0, 0, 0, 1, 0, 14
"/Users/xiaodi/Desktop/program/react/react-workfly/src/assets/svg/messageType28.svg", "XML", 0, 0, 0, 13, 0, 0, 0, 0, 1, 0, 14
"/Users/xiaodi/Desktop/program/react/react-workfly/src/assets/svg/messageType29.svg", "XML", 0, 0, 0, 13, 0, 0, 0, 0, 1, 0, 14
"/Users/xiaodi/Desktop/program/react/react-workfly/src/assets/svg/messageType30.svg", "XML", 0, 0, 0, 15, 0, 0, 0, 0, 1, 0, 16
"/Users/xiaodi/Desktop/program/react/react-workfly/src/assets/svg/messageunFinish.svg", "XML", 0, 0, 0, 10, 0, 0, 0, 0, 1, 0, 11
"/Users/xiaodi/Desktop/program/react/react-workfly/src/assets/svg/messageunHand.svg", "XML", 0, 0, 0, 12, 0, 0, 0, 0, 1, 0, 13
"/Users/xiaodi/Desktop/program/react/react-workfly/src/assets/svg/mindcuteLogo.svg", "XML", 0, 0, 0, 298, 0, 0, 0, 0, 1, 0, 299
"/Users/xiaodi/Desktop/program/react/react-workfly/src/assets/svg/minusCreate.svg", "XML", 0, 0, 0, 11, 0, 0, 0, 0, 1, 0, 12
"/Users/xiaodi/Desktop/program/react/react-workfly/src/assets/svg/move.svg", "XML", 0, 0, 0, 18, 0, 0, 0, 0, 1, 0, 19
"/Users/xiaodi/Desktop/program/react/react-workfly/src/assets/svg/noReport.svg", "XML", 0, 0, 0, 22, 0, 0, 0, 0, 1, 0, 23
"/Users/xiaodi/Desktop/program/react/react-workfly/src/assets/svg/noneBoard.svg", "XML", 0, 0, 0, 8, 0, 0, 0, 0, 1, 0, 9
"/Users/xiaodi/Desktop/program/react/react-workfly/src/assets/svg/nothings.svg", "XML", 0, 0, 0, 21, 0, 0, 0, 0, 1, 0, 22
"/Users/xiaodi/Desktop/program/react/react-workfly/src/assets/svg/oIconFull.svg", "XML", 0, 0, 0, 22, 0, 0, 0, 0, 1, 0, 23
"/Users/xiaodi/Desktop/program/react/react-workfly/src/assets/svg/oIconempty.svg", "XML", 0, 0, 0, 21, 0, 0, 0, 0, 1, 0, 22
"/Users/xiaodi/Desktop/program/react/react-workfly/src/assets/svg/okr.svg", "XML", 0, 0, 0, 12, 0, 0, 0, 0, 1, 0, 13
"/Users/xiaodi/Desktop/program/react/react-workfly/src/assets/svg/okrStatistics.svg", "XML", 0, 0, 0, 16, 0, 0, 0, 0, 1, 0, 17
"/Users/xiaodi/Desktop/program/react/react-workfly/src/assets/svg/okradd.svg", "XML", 0, 0, 0, 16, 0, 0, 0, 0, 1, 0, 17
"/Users/xiaodi/Desktop/program/react/react-workfly/src/assets/svg/okraddb.svg", "XML", 0, 0, 0, 17, 0, 0, 0, 0, 1, 0, 18
"/Users/xiaodi/Desktop/program/react/react-workfly/src/assets/svg/okraww.svg", "XML", 0, 0, 0, 18, 0, 0, 0, 0, 1, 0, 19
"/Users/xiaodi/Desktop/program/react/react-workfly/src/assets/svg/okrawwb.svg", "XML", 0, 0, 0, 16, 0, 0, 0, 0, 1, 0, 17
"/Users/xiaodi/Desktop/program/react/react-workfly/src/assets/svg/okrcommentdel.svg", "XML", 0, 0, 0, 16, 0, 0, 0, 0, 1, 0, 17
"/Users/xiaodi/Desktop/program/react/react-workfly/src/assets/svg/okredit.svg", "XML", 0, 0, 0, 16, 0, 0, 0, 0, 1, 0, 17
"/Users/xiaodi/Desktop/program/react/react-workfly/src/assets/svg/okrlinkGroup.svg", "XML", 0, 0, 0, 24, 0, 0, 0, 0, 1, 0, 25
"/Users/xiaodi/Desktop/program/react/react-workfly/src/assets/svg/otherGroup.svg", "XML", 0, 0, 0, 17, 0, 0, 0, 0, 1, 0, 18
"/Users/xiaodi/Desktop/program/react/react-workfly/src/assets/svg/pack.svg", "XML", 0, 0, 0, 11, 0, 0, 0, 0, 1, 0, 12
"/Users/xiaodi/Desktop/program/react/react-workfly/src/assets/svg/pdf.svg", "XML", 0, 0, 0, 1, 0, 0, 0, 0, 0, 0, 1
"/Users/xiaodi/Desktop/program/react/react-workfly/src/assets/svg/phone.svg", "XML", 0, 0, 0, 12, 0, 0, 0, 0, 1, 0, 13
"/Users/xiaodi/Desktop/program/react/react-workfly/src/assets/svg/phone1.svg", "XML", 0, 0, 0, 58, 0, 0, 0, 0, 1, 0, 59
"/Users/xiaodi/Desktop/program/react/react-workfly/src/assets/svg/phone2.svg", "XML", 0, 0, 0, 108, 0, 0, 0, 0, 1, 0, 109
"/Users/xiaodi/Desktop/program/react/react-workfly/src/assets/svg/question1.svg", "XML", 0, 0, 0, 14, 0, 0, 0, 0, 1, 0, 15
"/Users/xiaodi/Desktop/program/react/react-workfly/src/assets/svg/question2.svg", "XML", 0, 0, 0, 12, 0, 0, 0, 0, 1, 0, 13
"/Users/xiaodi/Desktop/program/react/react-workfly/src/assets/svg/question3.svg", "XML", 0, 0, 0, 12, 0, 0, 0, 0, 1, 0, 13
"/Users/xiaodi/Desktop/program/react/react-workfly/src/assets/svg/question4.svg", "XML", 0, 0, 0, 18, 0, 0, 0, 0, 1, 0, 19
"/Users/xiaodi/Desktop/program/react/react-workfly/src/assets/svg/question5.svg", "XML", 0, 0, 0, 15, 0, 0, 0, 0, 1, 0, 16
"/Users/xiaodi/Desktop/program/react/react-workfly/src/assets/svg/question6.svg", "XML", 0, 0, 0, 13, 0, 0, 0, 0, 1, 0, 14
"/Users/xiaodi/Desktop/program/react/react-workfly/src/assets/svg/question7.svg", "XML", 0, 0, 0, 12, 0, 0, 0, 0, 1, 0, 13
"/Users/xiaodi/Desktop/program/react/react-workfly/src/assets/svg/question8.svg", "XML", 0, 0, 0, 12, 0, 0, 0, 0, 1, 0, 13
"/Users/xiaodi/Desktop/program/react/react-workfly/src/assets/svg/question9.svg", "XML", 0, 0, 0, 13, 0, 0, 0, 0, 1, 0, 14
"/Users/xiaodi/Desktop/program/react/react-workfly/src/assets/svg/rank.svg", "XML", 0, 0, 0, 14, 0, 0, 0, 0, 1, 0, 15
"/Users/xiaodi/Desktop/program/react/react-workfly/src/assets/svg/report.svg", "XML", 0, 0, 0, 10, 0, 0, 0, 0, 1, 0, 11
"/Users/xiaodi/Desktop/program/react/react-workfly/src/assets/svg/reportIcon.svg", "XML", 0, 0, 0, 20, 0, 0, 0, 0, 1, 0, 21
"/Users/xiaodi/Desktop/program/react/react-workfly/src/assets/svg/right.svg", "XML", 0, 0, 0, 26, 0, 0, 0, 0, 1, 0, 27
"/Users/xiaodi/Desktop/program/react/react-workfly/src/assets/svg/search1.svg", "XML", 0, 0, 0, 10, 0, 0, 0, 0, 1, 0, 11
"/Users/xiaodi/Desktop/program/react/react-workfly/src/assets/svg/search2.svg", "XML", 0, 0, 0, 10, 0, 0, 0, 0, 1, 0, 11
"/Users/xiaodi/Desktop/program/react/react-workfly/src/assets/svg/search3.svg", "XML", 0, 0, 0, 10, 0, 0, 0, 0, 1, 0, 11
"/Users/xiaodi/Desktop/program/react/react-workfly/src/assets/svg/search4.svg", "XML", 0, 0, 0, 10, 0, 0, 0, 0, 1, 0, 11
"/Users/xiaodi/Desktop/program/react/react-workfly/src/assets/svg/searchb.svg", "XML", 0, 0, 0, 10, 0, 0, 0, 0, 1, 0, 11
"/Users/xiaodi/Desktop/program/react/react-workfly/src/assets/svg/set10.svg", "XML", 0, 0, 0, 10, 0, 0, 0, 0, 1, 0, 11
"/Users/xiaodi/Desktop/program/react/react-workfly/src/assets/svg/set11.svg", "XML", 0, 0, 0, 12, 0, 0, 0, 0, 1, 0, 13
"/Users/xiaodi/Desktop/program/react/react-workfly/src/assets/svg/set12.svg", "XML", 0, 0, 0, 13, 0, 0, 0, 0, 1, 0, 14
"/Users/xiaodi/Desktop/program/react/react-workfly/src/assets/svg/set5.svg", "XML", 0, 0, 0, 17, 0, 0, 0, 0, 1, 0, 18
"/Users/xiaodi/Desktop/program/react/react-workfly/src/assets/svg/set6.svg", "XML", 0, 0, 0, 10, 0, 0, 0, 0, 1, 0, 11
"/Users/xiaodi/Desktop/program/react/react-workfly/src/assets/svg/set7.svg", "XML", 0, 0, 0, 12, 0, 0, 0, 0, 1, 0, 13
"/Users/xiaodi/Desktop/program/react/react-workfly/src/assets/svg/set8.svg", "XML", 0, 0, 0, 14, 0, 0, 0, 0, 1, 0, 15
"/Users/xiaodi/Desktop/program/react/react-workfly/src/assets/svg/set9.svg", "XML", 0, 0, 0, 1, 0, 0, 0, 0, 0, 0, 1
"/Users/xiaodi/Desktop/program/react/react-workfly/src/assets/svg/showAdd.svg", "XML", 0, 0, 0, 13, 0, 0, 0, 0, 1, 0, 14
"/Users/xiaodi/Desktop/program/react/react-workfly/src/assets/svg/smallFire.svg", "XML", 0, 0, 0, 10, 0, 0, 0, 0, 1, 0, 11
"/Users/xiaodi/Desktop/program/react/react-workfly/src/assets/svg/tab0.svg", "XML", 0, 0, 0, 13, 0, 0, 0, 0, 1, 0, 14
"/Users/xiaodi/Desktop/program/react/react-workfly/src/assets/svg/tab1.svg", "XML", 0, 0, 0, 14, 0, 0, 0, 0, 1, 0, 15
"/Users/xiaodi/Desktop/program/react/react-workfly/src/assets/svg/tab2.svg", "XML", 0, 0, 0, 13, 0, 0, 0, 0, 1, 0, 14
"/Users/xiaodi/Desktop/program/react/react-workfly/src/assets/svg/tab3.svg", "XML", 0, 0, 0, 13, 0, 0, 0, 0, 1, 0, 14
"/Users/xiaodi/Desktop/program/react/react-workfly/src/assets/svg/tab4.svg", "XML", 0, 0, 0, 10, 0, 0, 0, 0, 1, 0, 11
"/Users/xiaodi/Desktop/program/react/react-workfly/src/assets/svg/tab5.svg", "XML", 0, 0, 0, 16, 0, 0, 0, 0, 1, 0, 17
"/Users/xiaodi/Desktop/program/react/react-workfly/src/assets/svg/tab6.svg", "XML", 0, 0, 0, 15, 0, 0, 0, 0, 1, 0, 16
"/Users/xiaodi/Desktop/program/react/react-workfly/src/assets/svg/tabFile.svg", "XML", 0, 0, 0, 13, 0, 0, 0, 0, 1, 0, 14
"/Users/xiaodi/Desktop/program/react/react-workfly/src/assets/svg/tabw0.svg", "XML", 0, 0, 0, 13, 0, 0, 0, 0, 1, 0, 14
"/Users/xiaodi/Desktop/program/react/react-workfly/src/assets/svg/tabw1.svg", "XML", 0, 0, 0, 14, 0, 0, 0, 0, 1, 0, 15
"/Users/xiaodi/Desktop/program/react/react-workfly/src/assets/svg/tabw2.svg", "XML", 0, 0, 0, 13, 0, 0, 0, 0, 1, 0, 14
"/Users/xiaodi/Desktop/program/react/react-workfly/src/assets/svg/tabw3.svg", "XML", 0, 0, 0, 13, 0, 0, 0, 0, 1, 0, 14
"/Users/xiaodi/Desktop/program/react/react-workfly/src/assets/svg/tabw4.svg", "XML", 0, 0, 0, 10, 0, 0, 0, 0, 1, 0, 11
"/Users/xiaodi/Desktop/program/react/react-workfly/src/assets/svg/tabw5.svg", "XML", 0, 0, 0, 16, 0, 0, 0, 0, 1, 0, 17
"/Users/xiaodi/Desktop/program/react/react-workfly/src/assets/svg/tabw6.svg", "XML", 0, 0, 0, 15, 0, 0, 0, 0, 1, 0, 16
"/Users/xiaodi/Desktop/program/react/react-workfly/src/assets/svg/task2.svg", "XML", 0, 0, 0, 13, 0, 0, 0, 0, 1, 0, 14
"/Users/xiaodi/Desktop/program/react/react-workfly/src/assets/svg/task4.svg", "XML", 0, 0, 0, 14, 0, 0, 0, 0, 1, 0, 15
"/Users/xiaodi/Desktop/program/react/react-workfly/src/assets/svg/task6.svg", "XML", 0, 0, 0, 12, 0, 0, 0, 0, 1, 0, 13
"/Users/xiaodi/Desktop/program/react/react-workfly/src/assets/svg/taskComment.svg", "XML", 0, 0, 0, 12, 0, 0, 0, 0, 1, 0, 13
"/Users/xiaodi/Desktop/program/react/react-workfly/src/assets/svg/taskContent.svg", "XML", 0, 0, 0, 10, 0, 0, 0, 0, 1, 0, 11
"/Users/xiaodi/Desktop/program/react/react-workfly/src/assets/svg/taskType0.svg", "XML", 0, 0, 0, 16, 0, 0, 0, 0, 1, 0, 17
"/Users/xiaodi/Desktop/program/react/react-workfly/src/assets/svg/taskType1.svg", "XML", 0, 0, 0, 13, 0, 0, 0, 0, 1, 0, 14
"/Users/xiaodi/Desktop/program/react/react-workfly/src/assets/svg/taskType2.svg", "XML", 0, 0, 0, 13, 0, 0, 0, 0, 1, 0, 14
"/Users/xiaodi/Desktop/program/react/react-workfly/src/assets/svg/taskType3.svg", "XML", 0, 0, 0, 13, 0, 0, 0, 0, 1, 0, 14
"/Users/xiaodi/Desktop/program/react/react-workfly/src/assets/svg/taskType4.svg", "XML", 0, 0, 0, 13, 0, 0, 0, 0, 1, 0, 14
"/Users/xiaodi/Desktop/program/react/react-workfly/src/assets/svg/taskType5.svg", "XML", 0, 0, 0, 13, 0, 0, 0, 0, 1, 0, 14
"/Users/xiaodi/Desktop/program/react/react-workfly/src/assets/svg/taskType6.svg", "XML", 0, 0, 0, 13, 0, 0, 0, 0, 1, 0, 14
"/Users/xiaodi/Desktop/program/react/react-workfly/src/assets/svg/taskType7.svg", "XML", 0, 0, 0, 13, 0, 0, 0, 0, 1, 0, 14
"/Users/xiaodi/Desktop/program/react/react-workfly/src/assets/svg/taskType8.svg", "XML", 0, 0, 0, 13, 0, 0, 0, 0, 1, 0, 14
"/Users/xiaodi/Desktop/program/react/react-workfly/src/assets/svg/taskType9.svg", "XML", 0, 0, 0, 13, 0, 0, 0, 0, 1, 0, 14
"/Users/xiaodi/Desktop/program/react/react-workfly/src/assets/svg/timeSet1.svg", "XML", 0, 0, 0, 16, 0, 0, 0, 0, 1, 0, 17
"/Users/xiaodi/Desktop/program/react/react-workfly/src/assets/svg/timeSet2.svg", "XML", 0, 0, 0, 10, 0, 0, 0, 0, 1, 0, 11
"/Users/xiaodi/Desktop/program/react/react-workfly/src/assets/svg/timeSet3.svg", "XML", 0, 0, 0, 16, 0, 0, 0, 0, 1, 0, 17
"/Users/xiaodi/Desktop/program/react/react-workfly/src/assets/svg/timeSet4.svg", "XML", 0, 0, 0, 12, 0, 0, 0, 0, 1, 0, 13
"/Users/xiaodi/Desktop/program/react/react-workfly/src/assets/svg/timeSet5.svg", "XML", 0, 0, 0, 16, 0, 0, 0, 0, 1, 0, 17
"/Users/xiaodi/Desktop/program/react/react-workfly/src/assets/svg/timeSet6.svg", "XML", 0, 0, 0, 13, 0, 0, 0, 0, 1, 0, 14
"/Users/xiaodi/Desktop/program/react/react-workfly/src/assets/svg/timeline10.svg", "XML", 0, 0, 0, 13, 0, 0, 0, 0, 1, 0, 14
"/Users/xiaodi/Desktop/program/react/react-workfly/src/assets/svg/timeline11.svg", "XML", 0, 0, 0, 13, 0, 0, 0, 0, 1, 0, 14
"/Users/xiaodi/Desktop/program/react/react-workfly/src/assets/svg/timeline12.svg", "XML", 0, 0, 0, 13, 0, 0, 0, 0, 1, 0, 14
"/Users/xiaodi/Desktop/program/react/react-workfly/src/assets/svg/timeline13.svg", "XML", 0, 0, 0, 13, 0, 0, 0, 0, 1, 0, 14
"/Users/xiaodi/Desktop/program/react/react-workfly/src/assets/svg/timeline14.svg", "XML", 0, 0, 0, 17, 0, 0, 0, 0, 1, 0, 18
"/Users/xiaodi/Desktop/program/react/react-workfly/src/assets/svg/timeline23.svg", "XML", 0, 0, 0, 10, 0, 0, 0, 0, 1, 0, 11
"/Users/xiaodi/Desktop/program/react/react-workfly/src/assets/svg/timeline24.svg", "XML", 0, 0, 0, 13, 0, 0, 0, 0, 1, 0, 14
"/Users/xiaodi/Desktop/program/react/react-workfly/src/assets/svg/timeline3.svg", "XML", 0, 0, 0, 13, 0, 0, 0, 0, 1, 0, 14
"/Users/xiaodi/Desktop/program/react/react-workfly/src/assets/svg/timeline4.svg", "XML", 0, 0, 0, 13, 0, 0, 0, 0, 1, 0, 14
"/Users/xiaodi/Desktop/program/react/react-workfly/src/assets/svg/timeline5.svg", "XML", 0, 0, 0, 13, 0, 0, 0, 0, 1, 0, 14
"/Users/xiaodi/Desktop/program/react/react-workfly/src/assets/svg/timeline8.svg", "XML", 0, 0, 0, 16, 0, 0, 0, 0, 1, 0, 17
"/Users/xiaodi/Desktop/program/react/react-workfly/src/assets/svg/treeClose.svg", "XML", 0, 0, 0, 13, 0, 0, 0, 0, 1, 0, 14
"/Users/xiaodi/Desktop/program/react/react-workfly/src/assets/svg/treeFileTask.svg", "XML", 0, 0, 0, 12, 0, 0, 0, 0, 1, 0, 13
"/Users/xiaodi/Desktop/program/react/react-workfly/src/assets/svg/treeLabel.svg", "XML", 0, 0, 0, 20, 0, 0, 0, 0, 1, 0, 21
"/Users/xiaodi/Desktop/program/react/react-workfly/src/assets/svg/treeLogo.svg", "XML", 0, 0, 0, 16, 0, 0, 0, 0, 1, 0, 17
"/Users/xiaodi/Desktop/program/react/react-workfly/src/assets/svg/treePackTask.svg", "XML", 0, 0, 0, 15, 0, 0, 0, 0, 1, 0, 16
"/Users/xiaodi/Desktop/program/react/react-workfly/src/assets/svg/treeType.svg", "XML", 0, 0, 0, 12, 0, 0, 0, 0, 1, 0, 13
"/Users/xiaodi/Desktop/program/react/react-workfly/src/assets/svg/treedel.svg", "XML", 0, 0, 0, 14, 0, 0, 0, 0, 1, 0, 15
"/Users/xiaodi/Desktop/program/react/react-workfly/src/assets/svg/unFileGroup 2.svg", "XML", 0, 0, 0, 15, 0, 0, 0, 0, 1, 0, 16
"/Users/xiaodi/Desktop/program/react/react-workfly/src/assets/svg/unUse.svg", "XML", 0, 0, 0, 12, 0, 0, 0, 0, 1, 0, 13
"/Users/xiaodi/Desktop/program/react/react-workfly/src/assets/svg/unaddCreate.svg", "XML", 0, 0, 0, 12, 0, 0, 0, 0, 1, 0, 13
"/Users/xiaodi/Desktop/program/react/react-workfly/src/assets/svg/uncare.svg", "XML", 0, 0, 0, 10, 0, 0, 0, 0, 1, 0, 11
"/Users/xiaodi/Desktop/program/react/react-workfly/src/assets/svg/uncareb.svg", "XML", 0, 0, 0, 8, 0, 0, 0, 0, 1, 0, 9
"/Users/xiaodi/Desktop/program/react/react-workfly/src/assets/svg/uncreateChild.svg", "XML", 0, 0, 0, 16, 0, 0, 0, 0, 1, 0, 17
"/Users/xiaodi/Desktop/program/react/react-workfly/src/assets/svg/uncreatebro.svg", "XML", 0, 0, 0, 16, 0, 0, 0, 0, 1, 0, 17
"/Users/xiaodi/Desktop/program/react/react-workfly/src/assets/svg/uneye.svg", "XML", 0, 0, 0, 10, 0, 0, 0, 0, 1, 0, 11
"/Users/xiaodi/Desktop/program/react/react-workfly/src/assets/svg/unfileGroup.svg", "XML", 0, 0, 0, 18, 0, 0, 0, 0, 1, 0, 19
"/Users/xiaodi/Desktop/program/react/react-workfly/src/assets/svg/unfinishb.svg", "XML", 0, 0, 0, 10, 0, 0, 0, 0, 1, 0, 11
"/Users/xiaodi/Desktop/program/react/react-workfly/src/assets/svg/unfixIcon.svg", "XML", 0, 0, 0, 11, 0, 0, 0, 0, 1, 0, 12
"/Users/xiaodi/Desktop/program/react/react-workfly/src/assets/svg/unpack.svg", "XML", 0, 0, 0, 8, 0, 0, 0, 0, 1, 0, 9
"/Users/xiaodi/Desktop/program/react/react-workfly/src/assets/svg/untreeFileTask.svg", "XML", 0, 0, 0, 12, 0, 0, 0, 0, 1, 0, 13
"/Users/xiaodi/Desktop/program/react/react-workfly/src/assets/svg/untreeLabel.svg", "XML", 0, 0, 0, 16, 0, 0, 0, 0, 1, 0, 17
"/Users/xiaodi/Desktop/program/react/react-workfly/src/assets/svg/untreePackTask.svg", "XML", 0, 0, 0, 15, 0, 0, 0, 0, 1, 0, 16
"/Users/xiaodi/Desktop/program/react/react-workfly/src/assets/svg/untreeType.svg", "XML", 0, 0, 0, 15, 0, 0, 0, 0, 1, 0, 16
"/Users/xiaodi/Desktop/program/react/react-workfly/src/assets/svg/untreedel.svg", "XML", 0, 0, 0, 14, 0, 0, 0, 0, 1, 0, 15
"/Users/xiaodi/Desktop/program/react/react-workfly/src/assets/svg/url.svg", "XML", 0, 0, 0, 14, 0, 0, 0, 0, 1, 0, 15
"/Users/xiaodi/Desktop/program/react/react-workfly/src/assets/svg/useNum.svg", "XML", 0, 0, 0, 12, 0, 0, 0, 0, 1, 0, 13
"/Users/xiaodi/Desktop/program/react/react-workfly/src/assets/svg/vitality.svg", "XML", 0, 0, 0, 12, 0, 0, 0, 0, 1, 0, 13
"/Users/xiaodi/Desktop/program/react/react-workfly/src/assets/svg/vitality1.svg", "XML", 0, 0, 0, 10, 0, 0, 0, 0, 1, 0, 11
"/Users/xiaodi/Desktop/program/react/react-workfly/src/assets/svg/vitality10.svg", "XML", 0, 0, 0, 10, 0, 0, 0, 0, 1, 0, 11
"/Users/xiaodi/Desktop/program/react/react-workfly/src/assets/svg/vitality11.svg", "XML", 0, 0, 0, 10, 0, 0, 0, 0, 1, 0, 11
"/Users/xiaodi/Desktop/program/react/react-workfly/src/assets/svg/vitality12.svg", "XML", 0, 0, 0, 12, 0, 0, 0, 0, 1, 0, 13
"/Users/xiaodi/Desktop/program/react/react-workfly/src/assets/svg/vitality13.svg", "XML", 0, 0, 0, 10, 0, 0, 0, 0, 1, 0, 11
"/Users/xiaodi/Desktop/program/react/react-workfly/src/assets/svg/vitality14.svg", "XML", 0, 0, 0, 14, 0, 0, 0, 0, 1, 0, 15
"/Users/xiaodi/Desktop/program/react/react-workfly/src/assets/svg/vitality15.svg", "XML", 0, 0, 0, 10, 0, 0, 0, 0, 1, 0, 11
"/Users/xiaodi/Desktop/program/react/react-workfly/src/assets/svg/vitality16.svg", "XML", 0, 0, 0, 10, 0, 0, 0, 0, 1, 0, 11
"/Users/xiaodi/Desktop/program/react/react-workfly/src/assets/svg/vitality17.svg", "XML", 0, 0, 0, 12, 0, 0, 0, 0, 1, 0, 13
"/Users/xiaodi/Desktop/program/react/react-workfly/src/assets/svg/vitality18.svg", "XML", 0, 0, 0, 10, 0, 0, 0, 0, 1, 0, 11
"/Users/xiaodi/Desktop/program/react/react-workfly/src/assets/svg/vitality19.svg", "XML", 0, 0, 0, 10, 0, 0, 0, 0, 1, 0, 11
"/Users/xiaodi/Desktop/program/react/react-workfly/src/assets/svg/vitality2.svg", "XML", 0, 0, 0, 10, 0, 0, 0, 0, 1, 0, 11
"/Users/xiaodi/Desktop/program/react/react-workfly/src/assets/svg/vitality20.svg", "XML", 0, 0, 0, 10, 0, 0, 0, 0, 1, 0, 11
"/Users/xiaodi/Desktop/program/react/react-workfly/src/assets/svg/vitality21.svg", "XML", 0, 0, 0, 10, 0, 0, 0, 0, 1, 0, 11
"/Users/xiaodi/Desktop/program/react/react-workfly/src/assets/svg/vitality22.svg", "XML", 0, 0, 0, 10, 0, 0, 0, 0, 1, 0, 11
"/Users/xiaodi/Desktop/program/react/react-workfly/src/assets/svg/vitality23.svg", "XML", 0, 0, 0, 10, 0, 0, 0, 0, 1, 0, 11
"/Users/xiaodi/Desktop/program/react/react-workfly/src/assets/svg/vitality24.svg", "XML", 0, 0, 0, 12, 0, 0, 0, 0, 1, 0, 13
"/Users/xiaodi/Desktop/program/react/react-workfly/src/assets/svg/vitality3.svg", "XML", 0, 0, 0, 10, 0, 0, 0, 0, 1, 0, 11
"/Users/xiaodi/Desktop/program/react/react-workfly/src/assets/svg/vitality4.svg", "XML", 0, 0, 0, 12, 0, 0, 0, 0, 1, 0, 13
"/Users/xiaodi/Desktop/program/react/react-workfly/src/assets/svg/vitality5.svg", "XML", 0, 0, 0, 12, 0, 0, 0, 0, 1, 0, 13
"/Users/xiaodi/Desktop/program/react/react-workfly/src/assets/svg/vitality6.svg", "XML", 0, 0, 0, 12, 0, 0, 0, 0, 1, 0, 13
"/Users/xiaodi/Desktop/program/react/react-workfly/src/assets/svg/vitality7.svg", "XML", 0, 0, 0, 12, 0, 0, 0, 0, 1, 0, 13
"/Users/xiaodi/Desktop/program/react/react-workfly/src/assets/svg/vitality8.svg", "XML", 0, 0, 0, 13, 0, 0, 0, 0, 1, 0, 14
"/Users/xiaodi/Desktop/program/react/react-workfly/src/assets/svg/vitality9.svg", "XML", 0, 0, 0, 13, 0, 0, 0, 0, 1, 0, 14
"/Users/xiaodi/Desktop/program/react/react-workfly/src/assets/svg/vitalityb1.svg", "XML", 0, 0, 0, 10, 0, 0, 0, 0, 1, 0, 11
"/Users/xiaodi/Desktop/program/react/react-workfly/src/assets/svg/vitalityb10.svg", "XML", 0, 0, 0, 10, 0, 0, 0, 0, 1, 0, 11
"/Users/xiaodi/Desktop/program/react/react-workfly/src/assets/svg/vitalityb11.svg", "XML", 0, 0, 0, 10, 0, 0, 0, 0, 1, 0, 11
"/Users/xiaodi/Desktop/program/react/react-workfly/src/assets/svg/vitalityb12.svg", "XML", 0, 0, 0, 12, 0, 0, 0, 0, 1, 0, 13
"/Users/xiaodi/Desktop/program/react/react-workfly/src/assets/svg/vitalityb13.svg", "XML", 0, 0, 0, 10, 0, 0, 0, 0, 1, 0, 11
"/Users/xiaodi/Desktop/program/react/react-workfly/src/assets/svg/vitalityb14.svg", "XML", 0, 0, 0, 14, 0, 0, 0, 0, 1, 0, 15
"/Users/xiaodi/Desktop/program/react/react-workfly/src/assets/svg/vitalityb15.svg", "XML", 0, 0, 0, 10, 0, 0, 0, 0, 1, 0, 11
"/Users/xiaodi/Desktop/program/react/react-workfly/src/assets/svg/vitalityb16.svg", "XML", 0, 0, 0, 10, 0, 0, 0, 0, 1, 0, 11
"/Users/xiaodi/Desktop/program/react/react-workfly/src/assets/svg/vitalityb17.svg", "XML", 0, 0, 0, 12, 0, 0, 0, 0, 1, 0, 13
"/Users/xiaodi/Desktop/program/react/react-workfly/src/assets/svg/vitalityb18.svg", "XML", 0, 0, 0, 10, 0, 0, 0, 0, 1, 0, 11
"/Users/xiaodi/Desktop/program/react/react-workfly/src/assets/svg/vitalityb19.svg", "XML", 0, 0, 0, 10, 0, 0, 0, 0, 1, 0, 11
"/Users/xiaodi/Desktop/program/react/react-workfly/src/assets/svg/vitalityb2.svg", "XML", 0, 0, 0, 10, 0, 0, 0, 0, 1, 0, 11
"/Users/xiaodi/Desktop/program/react/react-workfly/src/assets/svg/vitalityb20.svg", "XML", 0, 0, 0, 10, 0, 0, 0, 0, 1, 0, 11
"/Users/xiaodi/Desktop/program/react/react-workfly/src/assets/svg/vitalityb21.svg", "XML", 0, 0, 0, 10, 0, 0, 0, 0, 1, 0, 11
"/Users/xiaodi/Desktop/program/react/react-workfly/src/assets/svg/vitalityb22.svg", "XML", 0, 0, 0, 10, 0, 0, 0, 0, 1, 0, 11
"/Users/xiaodi/Desktop/program/react/react-workfly/src/assets/svg/vitalityb23.svg", "XML", 0, 0, 0, 10, 0, 0, 0, 0, 1, 0, 11
"/Users/xiaodi/Desktop/program/react/react-workfly/src/assets/svg/vitalityb24.svg", "XML", 0, 0, 0, 12, 0, 0, 0, 0, 1, 0, 13
"/Users/xiaodi/Desktop/program/react/react-workfly/src/assets/svg/vitalityb3.svg", "XML", 0, 0, 0, 10, 0, 0, 0, 0, 1, 0, 11
"/Users/xiaodi/Desktop/program/react/react-workfly/src/assets/svg/vitalityb4.svg", "XML", 0, 0, 0, 12, 0, 0, 0, 0, 1, 0, 13
"/Users/xiaodi/Desktop/program/react/react-workfly/src/assets/svg/vitalityb5.svg", "XML", 0, 0, 0, 12, 0, 0, 0, 0, 1, 0, 13
"/Users/xiaodi/Desktop/program/react/react-workfly/src/assets/svg/vitalityb6.svg", "XML", 0, 0, 0, 12, 0, 0, 0, 0, 1, 0, 13
"/Users/xiaodi/Desktop/program/react/react-workfly/src/assets/svg/vitalityb7.svg", "XML", 0, 0, 0, 12, 0, 0, 0, 0, 1, 0, 13
"/Users/xiaodi/Desktop/program/react/react-workfly/src/assets/svg/vitalityb8.svg", "XML", 0, 0, 0, 13, 0, 0, 0, 0, 1, 0, 14
"/Users/xiaodi/Desktop/program/react/react-workfly/src/assets/svg/vitalityb9.svg", "XML", 0, 0, 0, 13, 0, 0, 0, 0, 1, 0, 14
"/Users/xiaodi/Desktop/program/react/react-workfly/src/assets/svg/welcome.svg", "XML", 0, 0, 0, 129, 0, 0, 0, 0, 1, 0, 130
"/Users/xiaodi/Desktop/program/react/react-workfly/src/assets/svg/welcomeLogo.svg", "XML", 0, 0, 0, 108, 0, 0, 0, 0, 1, 0, 109
"/Users/xiaodi/Desktop/program/react/react-workfly/src/assets/svg/welcomeSmall.svg", "XML", 0, 0, 0, 129, 0, 0, 0, 0, 1, 0, 130
"/Users/xiaodi/Desktop/program/react/react-workfly/src/assets/svg/wendang.svg", "XML", 0, 0, 0, 8, 0, 0, 0, 0, 1, 0, 9
"/Users/xiaodi/Desktop/program/react/react-workfly/src/assets/svg/win.svg", "XML", 0, 0, 0, 15, 0, 0, 0, 0, 1, 0, 16
"/Users/xiaodi/Desktop/program/react/react-workfly/src/assets/svg/word.svg", "XML", 0, 0, 0, 1, 0, 0, 0, 0, 0, 0, 1
"/Users/xiaodi/Desktop/program/react/react-workfly/src/assets/svg/work1.svg", "XML", 0, 0, 0, 13, 0, 0, 0, 0, 1, 0, 14
"/Users/xiaodi/Desktop/program/react/react-workfly/src/assets/svg/work2.svg", "XML", 0, 0, 0, 13, 0, 0, 0, 0, 1, 0, 14
"/Users/xiaodi/Desktop/program/react/react-workfly/src/assets/svg/work3.svg", "XML", 0, 0, 0, 13, 0, 0, 0, 0, 1, 0, 14
"/Users/xiaodi/Desktop/program/react/react-workfly/src/assets/svg/work4.svg", "XML", 0, 0, 0, 13, 0, 0, 0, 0, 1, 0, 14
"/Users/xiaodi/Desktop/program/react/react-workfly/src/assets/svg/work5.svg", "XML", 0, 0, 0, 14, 0, 0, 0, 0, 1, 0, 15
"/Users/xiaodi/Desktop/program/react/react-workfly/src/assets/svg/work6.svg", "XML", 0, 0, 0, 14, 0, 0, 0, 0, 1, 0, 15
"/Users/xiaodi/Desktop/program/react/react-workfly/src/assets/svg/work7.svg", "XML", 0, 0, 0, 15, 0, 0, 0, 0, 1, 0, 16
"/Users/xiaodi/Desktop/program/react/react-workfly/src/assets/svg/work8.svg", "XML", 0, 0, 0, 13, 0, 0, 0, 0, 1, 0, 14
"/Users/xiaodi/Desktop/program/react/react-workfly/src/assets/svg/zip.svg", "XML", 0, 0, 0, 1, 0, 0, 0, 0, 0, 0, 1
"/Users/xiaodi/Desktop/program/react/react-workfly/src/assets/svg/文本2@1.svg", "XML", 0, 0, 0, 21, 0, 0, 0, 0, 1, 0, 22
"/Users/xiaodi/Desktop/program/react/react-workfly/src/assets/svg/文档2@1.svg", "XML", 0, 0, 0, 19, 0, 0, 0, 0, 1, 0, 20
"/Users/xiaodi/Desktop/program/react/react-workfly/src/assets/svg/演示2@1.svg", "XML", 0, 0, 0, 19, 0, 0, 0, 0, 1, 0, 20
"/Users/xiaodi/Desktop/program/react/react-workfly/src/assets/svg/绘图2@1.svg", "XML", 0, 0, 0, 32, 0, 0, 0, 0, 1, 0, 33
"/Users/xiaodi/Desktop/program/react/react-workfly/src/assets/svg/表格2@1.svg", "XML", 0, 0, 0, 19, 0, 0, 0, 0, 1, 0, 20
"/Users/xiaodi/Desktop/program/react/react-workfly/src/components/clock/clockNew.css", "CSS", 0, 0, 0, 0, 93, 0, 0, 0, 2, 2, 97
"/Users/xiaodi/Desktop/program/react/react-workfly/src/components/clock/clockNew.jsx", "JavaScript React", 0, 0, 0, 0, 0, 14, 0, 0, 0, 5, 19
"/Users/xiaodi/Desktop/program/react/react-workfly/src/components/clockIn/clockIn.css", "CSS", 0, 0, 0, 0, 109, 0, 0, 0, 1, 16, 126
"/Users/xiaodi/Desktop/program/react/react-workfly/src/components/clockIn/clockIn.tsx", "TypeScript React", 0, 0, 290, 0, 0, 0, 0, 0, 16, 10, 316
"/Users/xiaodi/Desktop/program/react/react-workfly/src/components/comment/comment.css", "CSS", 0, 0, 0, 0, 58, 0, 0, 0, 0, 1, 59
"/Users/xiaodi/Desktop/program/react/react-workfly/src/components/comment/comment.tsx", "TypeScript React", 0, 0, 42, 0, 0, 0, 0, 0, 0, 3, 45
"/Users/xiaodi/Desktop/program/react/react-workfly/src/components/common/amChart/XYamChart.tsx", "TypeScript React", 0, 0, 140, 0, 0, 0, 0, 0, 39, 15, 194
"/Users/xiaodi/Desktop/program/react/react-workfly/src/components/common/amChart/timelineChart.tsx", "TypeScript React", 0, 0, 268, 0, 0, 0, 0, 0, 42, 37, 347
"/Users/xiaodi/Desktop/program/react/react-workfly/src/components/common/amChart/timelineamChart.tsx", "TypeScript React", 0, 0, 130, 0, 0, 0, 0, 0, 42, 22, 194
"/Users/xiaodi/Desktop/program/react/react-workfly/src/components/common/appendix.css", "CSS", 0, 0, 0, 0, 11, 0, 0, 0, 0, 1, 12
"/Users/xiaodi/Desktop/program/react/react-workfly/src/components/common/appendix.tsx", "TypeScript React", 0, 0, 344, 0, 0, 0, 0, 0, 56, 7, 407
"/Users/xiaodi/Desktop/program/react/react-workfly/src/components/common/avatar.css", "CSS", 0, 0, 0, 0, 18, 0, 0, 0, 0, 1, 19
"/Users/xiaodi/Desktop/program/react/react-workfly/src/components/common/avatar.tsx", "TypeScript React", 0, 0, 68, 0, 0, 0, 0, 0, 0, 3, 71
"/Users/xiaodi/Desktop/program/react/react-workfly/src/components/common/calendar.ts", "TypeScript", 0, 209, 0, 0, 0, 0, 0, 0, 22, 31, 262
"/Users/xiaodi/Desktop/program/react/react-workfly/src/components/common/chart/areaChart.tsx", "TypeScript React", 0, 0, 68, 0, 0, 0, 0, 0, 10, 2, 80
"/Users/xiaodi/Desktop/program/react/react-workfly/src/components/common/chart/barChart.tsx", "TypeScript React", 0, 0, 57, 0, 0, 0, 0, 0, 4, 3, 64
"/Users/xiaodi/Desktop/program/react/react-workfly/src/components/common/chart/chordChart.tsx", "TypeScript React", 0, 0, 49, 0, 0, 0, 0, 0, 5, 4, 58
"/Users/xiaodi/Desktop/program/react/react-workfly/src/components/common/chart/columnChart.tsx", "TypeScript React", 0, 0, 58, 0, 0, 0, 0, 0, 17, 3, 78
"/Users/xiaodi/Desktop/program/react/react-workfly/src/components/common/chart/dualAxesChart.css", "CSS", 0, 0, 0, 0, 11, 0, 0, 0, 3, 3, 17
"/Users/xiaodi/Desktop/program/react/react-workfly/src/components/common/chart/dualAxesChart.tsx", "TypeScript React", 0, 0, 87, 0, 0, 0, 0, 0, 2, 3, 92
"/Users/xiaodi/Desktop/program/react/react-workfly/src/components/common/chart/gaugeChart.tsx", "TypeScript React", 0, 0, 69, 0, 0, 0, 0, 0, 9, 3, 81
"/Users/xiaodi/Desktop/program/react/react-workfly/src/components/common/chart/heatmapChart.tsx", "TypeScript React", 0, 0, 43, 0, 0, 0, 0, 0, 16, 2, 61
"/Users/xiaodi/Desktop/program/react/react-workfly/src/components/common/chart/lineChart.tsx", "TypeScript React", 0, 0, 40, 0, 0, 0, 0, 0, 18, 2, 60
"/Users/xiaodi/Desktop/program/react/react-workfly/src/components/common/chart/liquidChart.tsx", "TypeScript React", 0, 0, 55, 0, 0, 0, 0, 0, 1, 2, 58
"/Users/xiaodi/Desktop/program/react/react-workfly/src/components/common/chart/pieChart.tsx", "TypeScript React", 0, 0, 74, 0, 0, 0, 0, 0, 6, 2, 82
"/Users/xiaodi/Desktop/program/react/react-workfly/src/components/common/chart/radialBarChart.tsx", "TypeScript React", 0, 0, 50, 0, 0, 0, 0, 0, 2, 2, 54
"/Users/xiaodi/Desktop/program/react/react-workfly/src/components/common/chart/roseChart.tsx", "TypeScript React", 0, 0, 58, 0, 0, 0, 0, 0, 18, 2, 78
"/Users/xiaodi/Desktop/program/react/react-workfly/src/components/common/chart/treemapChart.tsx", "TypeScript React", 0, 0, 66, 0, 0, 0, 0, 0, 4, 2, 72
"/Users/xiaodi/Desktop/program/react/react-workfly/src/components/common/clickOutside.tsx", "TypeScript React", 0, 0, 38, 0, 0, 0, 0, 0, 1, 8, 47
"/Users/xiaodi/Desktop/program/react/react-workfly/src/components/common/date.js", "JavaScript", 201, 0, 0, 0, 0, 0, 0, 0, 40, 1, 242
"/Users/xiaodi/Desktop/program/react/react-workfly/src/components/common/dialog.css", "CSS", 0, 0, 0, 0, 67, 0, 0, 0, 4, 2, 73
"/Users/xiaodi/Desktop/program/react/react-workfly/src/components/common/dialog.tsx", "TypeScript React", 0, 0, 121, 0, 0, 0, 0, 0, 3, 2, 126
"/Users/xiaodi/Desktop/program/react/react-workfly/src/components/common/dropMenu.css", "CSS", 0, 0, 0, 0, 41, 0, 0, 0, 2, 4, 47
"/Users/xiaodi/Desktop/program/react/react-workfly/src/components/common/dropMenu.tsx", "TypeScript React", 0, 0, 61, 0, 0, 0, 0, 0, 0, 2, 63
"/Users/xiaodi/Desktop/program/react/react-workfly/src/components/common/editor/editor.css", "CSS", 0, 0, 0, 0, 6, 0, 0, 0, 23, 0, 29
"/Users/xiaodi/Desktop/program/react/react-workfly/src/components/common/editor/editor.tsx", "TypeScript React", 0, 0, 145, 0, 0, 0, 0, 0, 19, 8, 172
"/Users/xiaodi/Desktop/program/react/react-workfly/src/components/common/editor/newEditor.css", "CSS", 0, 0, 0, 0, 6, 0, 0, 0, 0, 0, 6
"/Users/xiaodi/Desktop/program/react/react-workfly/src/components/common/editor/newEditor.tsx", "TypeScript React", 0, 0, 14, 0, 0, 0, 0, 0, 77, 1, 92
"/Users/xiaodi/Desktop/program/react/react-workfly/src/components/common/editor/newEditorBar.tsx", "TypeScript React", 0, 0, 151, 0, 0, 0, 0, 0, 3, 4, 158
"/Users/xiaodi/Desktop/program/react/react-workfly/src/components/common/emoji.ts", "TypeScript", 0, 9019, 0, 0, 0, 0, 0, 0, 0, 2, 9021
"/Users/xiaodi/Desktop/program/react/react-workfly/src/components/common/empty.tsx", "TypeScript React", 0, 0, 23, 0, 0, 0, 0, 0, 1, 1, 25
"/Users/xiaodi/Desktop/program/react/react-workfly/src/components/common/filter.css", "CSS", 0, 0, 0, 0, 70, 0, 0, 0, 3, 3, 76
"/Users/xiaodi/Desktop/program/react/react-workfly/src/components/common/filter.tsx", "TypeScript React", 0, 0, 111, 0, 0, 0, 0, 0, 2, 4, 117
"/Users/xiaodi/Desktop/program/react/react-workfly/src/components/common/fireAnimate.css", "CSS", 0, 0, 0, 0, 14, 0, 0, 0, 0, 0, 14
"/Users/xiaodi/Desktop/program/react/react-workfly/src/components/common/fireAnimate.tsx", "TypeScript React", 0, 0, 116, 0, 0, 0, 0, 0, 2, 5, 123
"/Users/xiaodi/Desktop/program/react/react-workfly/src/components/common/format.js", "JavaScript", 213, 0, 0, 0, 0, 0, 0, 0, 127, 7, 347
"/Users/xiaodi/Desktop/program/react/react-workfly/src/components/common/iconFont.js", "JavaScript", 5, 0, 0, 0, 0, 0, 0, 0, 0, 1, 6
"/Users/xiaodi/Desktop/program/react/react-workfly/src/components/common/iframeview.tsx", "TypeScript React", 0, 0, 33, 0, 0, 0, 0, 0, 0, 3, 36
"/Users/xiaodi/Desktop/program/react/react-workfly/src/components/common/loading.css", "CSS", 0, 0, 0, 0, 70, 0, 0, 0, 2, 2, 74
"/Users/xiaodi/Desktop/program/react/react-workfly/src/components/common/loading.tsx", "TypeScript React", 0, 0, 29, 0, 0, 0, 0, 0, 5, 1, 35
"/Users/xiaodi/Desktop/program/react/react-workfly/src/components/common/logoModal.css", "CSS", 0, 0, 0, 0, 62, 0, 0, 0, 0, 9, 71
"/Users/xiaodi/Desktop/program/react/react-workfly/src/components/common/logoModal.tsx", "TypeScript React", 0, 0, 141, 0, 0, 0, 0, 0, 28, 5, 174
"/Users/xiaodi/Desktop/program/react/react-workfly/src/components/common/message.css", "CSS", 0, 0, 0, 0, 0, 0, 0, 0, 0, 1, 1
"/Users/xiaodi/Desktop/program/react/react-workfly/src/components/common/message.tsx", "TypeScript React", 0, 0, 36, 0, 0, 0, 0, 0, 0, 3, 39
"/Users/xiaodi/Desktop/program/react/react-workfly/src/components/common/model.tsx", "TypeScript React", 0, 0, 16, 0, 0, 0, 0, 0, 1, 3, 20
"/Users/xiaodi/Desktop/program/react/react-workfly/src/components/common/moveable.tsx", "TypeScript React", 0, 0, 125, 0, 0, 0, 0, 0, 3, 18, 146
"/Users/xiaodi/Desktop/program/react/react-workfly/src/components/common/newCalendar.ts", "TypeScript", 0, 310, 0, 0, 0, 0, 0, 0, 33, 18, 361
"/Users/xiaodi/Desktop/program/react/react-workfly/src/components/common/qiniu.js", "JavaScript", 40, 0, 0, 0, 0, 0, 0, 0, 5, 6, 51
"/Users/xiaodi/Desktop/program/react/react-workfly/src/components/common/timeIcon.css", "CSS", 0, 0, 0, 0, 46, 0, 0, 0, 1, 4, 51
"/Users/xiaodi/Desktop/program/react/react-workfly/src/components/common/timeIcon.tsx", "TypeScript React", 0, 0, 51, 0, 0, 0, 0, 0, 0, 3, 54
"/Users/xiaodi/Desktop/program/react/react-workfly/src/components/common/timeSet.css", "CSS", 0, 0, 0, 0, 75, 0, 0, 0, 0, 2, 77
"/Users/xiaodi/Desktop/program/react/react-workfly/src/components/common/timeSet.tsx", "TypeScript React", 0, 0, 546, 0, 0, 0, 0, 0, 53, 14, 613
"/Users/xiaodi/Desktop/program/react/react-workfly/src/components/common/tooltip.css", "CSS", 0, 0, 0, 0, 11, 0, 0, 0, 0, 1, 12
"/Users/xiaodi/Desktop/program/react/react-workfly/src/components/common/tooltip.tsx", "TypeScript React", 0, 0, 48, 0, 0, 0, 0, 0, 1, 2, 51
"/Users/xiaodi/Desktop/program/react/react-workfly/src/components/common/upload.js", "JavaScript", 158, 0, 0, 0, 0, 0, 0, 0, 82, 12, 252
"/Users/xiaodi/Desktop/program/react/react-workfly/src/components/common/websocket.js", "JavaScript", 65, 0, 0, 0, 0, 0, 0, 0, 19, 4, 88
"/Users/xiaodi/Desktop/program/react/react-workfly/src/components/createMoreTask/createMoreTask.css", "CSS", 0, 0, 0, 0, 112, 0, 0, 0, 1, 0, 113
"/Users/xiaodi/Desktop/program/react/react-workfly/src/components/createMoreTask/createMoreTask.tsx", "TypeScript React", 0, 0, 389, 0, 0, 0, 0, 0, 45, 11, 445
"/Users/xiaodi/Desktop/program/react/react-workfly/src/components/createTasks/createTask.css", "CSS", 0, 0, 0, 0, 0, 0, 0, 0, 0, 1, 1
"/Users/xiaodi/Desktop/program/react/react-workfly/src/components/createTasks/createTasks.tsx", "TypeScript React", 0, 0, 15, 0, 0, 0, 0, 0, 1, 3, 19
"/Users/xiaodi/Desktop/program/react/react-workfly/src/components/fileInfo/fileInfo.css", "CSS", 0, 0, 0, 0, 20, 0, 0, 0, 0, 2, 22
"/Users/xiaodi/Desktop/program/react/react-workfly/src/components/fileInfo/fileInfo.tsx", "TypeScript React", 0, 0, 25, 0, 0, 0, 0, 0, 64, 4, 93
"/Users/xiaodi/Desktop/program/react/react-workfly/src/components/fileList/fileList.css", "CSS", 0, 0, 0, 0, 64, 0, 0, 0, 4, 9, 77
"/Users/xiaodi/Desktop/program/react/react-workfly/src/components/fileList/fileList.tsx", "TypeScript React", 0, 0, 185, 0, 0, 0, 0, 0, 15, 7, 207
"/Users/xiaodi/Desktop/program/react/react-workfly/src/components/grid/grid.css", "CSS", 0, 0, 0, 0, 106, 0, 0, 0, 3, 2, 111
"/Users/xiaodi/Desktop/program/react/react-workfly/src/components/grid/grid.tsx", "TypeScript React", 0, 0, 716, 0, 0, 0, 0, 0, 91, 11, 818
"/Users/xiaodi/Desktop/program/react/react-workfly/src/components/grid/grid1.css", "CSS", 0, 0, 0, 0, 217, 0, 0, 0, 5, 4, 226
"/Users/xiaodi/Desktop/program/react/react-workfly/src/components/grid/grid1.tsx", "TypeScript React", 0, 0, 589, 0, 0, 0, 0, 0, 93, 14, 696
"/Users/xiaodi/Desktop/program/react/react-workfly/src/components/grid/gridTree.css", "CSS", 0, 0, 0, 0, 27, 0, 0, 0, 0, 3, 30
"/Users/xiaodi/Desktop/program/react/react-workfly/src/components/grid/gridTree.tsx", "TypeScript React", 0, 0, 119, 0, 0, 0, 0, 0, 34, 7, 160
"/Users/xiaodi/Desktop/program/react/react-workfly/src/components/headerFilter/headerFilter.tsx", "TypeScript React", 0, 0, 299, 0, 0, 0, 0, 0, 27, 8, 334
"/Users/xiaodi/Desktop/program/react/react-workfly/src/components/headerSet/headerBg.tsx", "TypeScript React", 0, 0, 194, 0, 0, 0, 0, 0, 16, 5, 215
"/Users/xiaodi/Desktop/program/react/react-workfly/src/components/headerSet/headerContent.tsx", "TypeScript React", 0, 0, 382, 0, 0, 0, 0, 0, 103, 10, 495
"/Users/xiaodi/Desktop/program/react/react-workfly/src/components/headerSet/headerCreate.css", "CSS", 0, 0, 0, 0, 204, 0, 0, 0, 8, 33, 245
"/Users/xiaodi/Desktop/program/react/react-workfly/src/components/headerSet/headerCreate.tsx", "TypeScript React", 0, 0, 603, 0, 0, 0, 0, 0, 55, 18, 676
"/Users/xiaodi/Desktop/program/react/react-workfly/src/components/headerSet/headerMessage.tsx", "TypeScript React", 0, 0, 35, 0, 0, 0, 0, 0, 1, 2, 38
"/Users/xiaodi/Desktop/program/react/react-workfly/src/components/headerSet/headerSet.css", "CSS", 0, 0, 0, 0, 331, 0, 0, 0, 16, 48, 395
"/Users/xiaodi/Desktop/program/react/react-workfly/src/components/headerSet/headerSet.tsx", "TypeScript React", 0, 0, 499, 0, 0, 0, 0, 0, 66, 11, 576
"/Users/xiaodi/Desktop/program/react/react-workfly/src/components/qrCode/qrCode.tsx", "TypeScript React", 0, 0, 28, 0, 0, 0, 0, 0, 1, 2, 31
"/Users/xiaodi/Desktop/program/react/react-workfly/src/components/randomBg/randomBg.css", "CSS", 0, 0, 0, 0, 16, 0, 0, 0, 0, 1, 17
"/Users/xiaodi/Desktop/program/react/react-workfly/src/components/randomBg/randomBg.tsx", "TypeScript React", 0, 0, 122, 0, 0, 0, 0, 0, 4, 4, 130
"/Users/xiaodi/Desktop/program/react/react-workfly/src/components/star/star.css", "CSS", 0, 0, 0, 0, 12, 0, 0, 0, 0, 1, 13
"/Users/xiaodi/Desktop/program/react/react-workfly/src/components/star/star.tsx", "TypeScript React", 0, 0, 69, 0, 0, 0, 0, 0, 1, 2, 72
"/Users/xiaodi/Desktop/program/react/react-workfly/src/components/task/task.css", "CSS", 0, 0, 0, 0, 378, 0, 0, 0, 57, 61, 496
"/Users/xiaodi/Desktop/program/react/react-workfly/src/components/task/task.tsx", "TypeScript React", 0, 0, 1130, 0, 0, 0, 0, 0, 199, 16, 1345
"/Users/xiaodi/Desktop/program/react/react-workfly/src/components/task/taskCustom.tsx", "TypeScript React", 0, 0, 145, 0, 0, 0, 0, 0, 8, 9, 162
"/Users/xiaodi/Desktop/program/react/react-workfly/src/components/task/taskMember.tsx", "TypeScript React", 0, 0, 312, 0, 0, 0, 0, 0, 18, 6, 336
"/Users/xiaodi/Desktop/program/react/react-workfly/src/components/task/taskSimple.css", "CSS", 0, 0, 0, 0, 55, 0, 0, 0, 0, 1, 56
"/Users/xiaodi/Desktop/program/react/react-workfly/src/components/task/taskSimple.tsx", "TypeScript React", 0, 0, 638, 0, 0, 0, 0, 0, 72, 9, 719
"/Users/xiaodi/Desktop/program/react/react-workfly/src/components/taskInfo/taskInfo.css", "CSS", 0, 0, 0, 0, 361, 0, 0, 0, 37, 57, 455
"/Users/xiaodi/Desktop/program/react/react-workfly/src/components/taskInfo/taskInfo.tsx", "TypeScript React", 0, 0, 1216, 0, 0, 0, 0, 0, 223, 14, 1453
"/Users/xiaodi/Desktop/program/react/react-workfly/src/components/taskNav/taskNav.css", "CSS", 0, 0, 0, 0, 155, 0, 0, 0, 0, 24, 179
"/Users/xiaodi/Desktop/program/react/react-workfly/src/components/taskNav/taskNav.tsx", "TypeScript React", 0, 0, 1008, 0, 0, 0, 0, 0, 98, 12, 1118
"/Users/xiaodi/Desktop/program/react/react-workfly/src/components/tree/book.css", "CSS", 0, 0, 0, 0, 4, 0, 0, 0, 2, 0, 6
"/Users/xiaodi/Desktop/program/react/react-workfly/src/components/tree/book.tsx", "TypeScript React", 0, 0, 138, 0, 0, 0, 0, 0, 30, 6, 174
"/Users/xiaodi/Desktop/program/react/react-workfly/src/components/tree/book/bookEditor.css", "CSS", 0, 0, 0, 0, 59, 0, 0, 0, 1, 5, 65
"/Users/xiaodi/Desktop/program/react/react-workfly/src/components/tree/book/bookEditor.tsx", "TypeScript React", 0, 0, 383, 0, 0, 0, 0, 0, 18, 7, 408
"/Users/xiaodi/Desktop/program/react/react-workfly/src/components/tree/book/bookView.css", "CSS", 0, 0, 0, 0, 20, 0, 0, 0, 0, 1, 21
"/Users/xiaodi/Desktop/program/react/react-workfly/src/components/tree/book/bookView.tsx", "TypeScript React", 0, 0, 71, 0, 0, 0, 0, 0, 0, 4, 75
"/Users/xiaodi/Desktop/program/react/react-workfly/src/components/tree/link.css", "CSS", 0, 0, 0, 0, 16, 0, 0, 0, 0, 1, 17
"/Users/xiaodi/Desktop/program/react/react-workfly/src/components/tree/link.tsx", "TypeScript React", 0, 0, 59, 0, 0, 0, 0, 0, 2, 8, 69
"/Users/xiaodi/Desktop/program/react/react-workfly/src/components/tree/markDown/CodeBlock.tsx", "TypeScript React", 0, 0, 16, 0, 0, 0, 0, 0, 10, 4, 30
"/Users/xiaodi/Desktop/program/react/react-workfly/src/components/tree/markDown/Markdown.tsx", "TypeScript React", 0, 0, 33, 0, 0, 0, 0, 0, 0, 3, 36
"/Users/xiaodi/Desktop/program/react/react-workfly/src/components/tree/markDown/MarkdownEditor.css", "CSS", 0, 0, 0, 0, 43, 0, 0, 0, 0, 3, 46
"/Users/xiaodi/Desktop/program/react/react-workfly/src/components/tree/markDown/MarkdownEditor.tsx", "TypeScript React", 0, 0, 59, 0, 0, 0, 0, 0, 3, 5, 67
"/Users/xiaodi/Desktop/program/react/react-workfly/src/components/tree/markDown/MarkdownViewer.css", "CSS", 0, 0, 0, 0, 20, 0, 0, 0, 0, 2, 22
"/Users/xiaodi/Desktop/program/react/react-workfly/src/components/tree/markDown/MarkdownViewer.tsx", "TypeScript React", 0, 0, 23, 0, 0, 0, 0, 0, 0, 4, 27
"/Users/xiaodi/Desktop/program/react/react-workfly/src/components/tree/table.tsx", "TypeScript React", 0, 0, 28, 0, 0, 0, 0, 0, 0, 2, 30
"/Users/xiaodi/Desktop/program/react/react-workfly/src/components/userCenter/userCenter.css", "CSS", 0, 0, 0, 0, 81, 0, 0, 0, 0, 1, 82
"/Users/xiaodi/Desktop/program/react/react-workfly/src/components/userCenter/userCenter.tsx", "TypeScript React", 0, 0, 123, 0, 0, 0, 0, 0, 123, 7, 253
"/Users/xiaodi/Desktop/program/react/react-workfly/src/components/vitality/vitality.css", "CSS", 0, 0, 0, 0, 264, 0, 0, 0, 14, 40, 318
"/Users/xiaodi/Desktop/program/react/react-workfly/src/components/vitality/vitality.tsx", "TypeScript React", 0, 0, 981, 0, 0, 0, 0, 0, 195, 14, 1190
"/Users/xiaodi/Desktop/program/react/react-workfly/src/components/vitalityIcon/vitalityIcon.css", "CSS", 0, 0, 0, 0, 13, 0, 0, 0, 1, 1, 15
"/Users/xiaodi/Desktop/program/react/react-workfly/src/components/vitalityIcon/vitalityIcon.tsx", "TypeScript React", 0, 0, 124, 0, 0, 0, 0, 0, 1, 3, 128
"/Users/xiaodi/Desktop/program/react/react-workfly/src/context/auth.tsx", "TypeScript React", 0, 0, 167, 0, 0, 0, 0, 0, 8, 11, 186
"/Users/xiaodi/Desktop/program/react/react-workfly/src/hook/common.ts", "TypeScript", 0, 23, 0, 0, 0, 0, 0, 0, 4, 4, 31
"/Users/xiaodi/Desktop/program/react/react-workfly/src/hook/event.ts", "TypeScript", 0, 14, 0, 0, 0, 0, 0, 0, 0, 1, 15
"/Users/xiaodi/Desktop/program/react/react-workfly/src/index.css", "CSS", 0, 0, 0, 0, 52, 0, 0, 0, 2, 10, 64
"/Users/xiaodi/Desktop/program/react/react-workfly/src/index.less", "Less", 0, 0, 0, 0, 0, 0, 0, 3, 0, 0, 3
"/Users/xiaodi/Desktop/program/react/react-workfly/src/index.tsx", "TypeScript React", 0, 0, 29, 0, 0, 0, 0, 0, 4, 2, 35
"/Users/xiaodi/Desktop/program/react/react-workfly/src/logo.svg", "XML", 0, 0, 0, 7, 0, 0, 0, 0, 0, 1, 8
"/Users/xiaodi/Desktop/program/react/react-workfly/src/react-app-env.d.ts", "TypeScript", 0, 50, 0, 0, 0, 0, 0, 0, 3, 14, 67
"/Users/xiaodi/Desktop/program/react/react-workfly/src/redux/actions/authActions.ts", "TypeScript", 0, 193, 0, 0, 0, 0, 0, 0, 6, 14, 213
"/Users/xiaodi/Desktop/program/react/react-workfly/src/redux/actions/commonActions.ts", "TypeScript", 0, 195, 0, 0, 0, 0, 0, 0, 0, 7, 202
"/Users/xiaodi/Desktop/program/react/react-workfly/src/redux/actions/groupActions.ts", "TypeScript", 0, 51, 0, 0, 0, 0, 0, 0, 0, 2, 53
"/Users/xiaodi/Desktop/program/react/react-workfly/src/redux/actions/memberActions.ts", "TypeScript", 0, 107, 0, 0, 0, 0, 0, 0, 0, 3, 110
"/Users/xiaodi/Desktop/program/react/react-workfly/src/redux/actions/taskActions.ts", "TypeScript", 0, 195, 0, 0, 0, 0, 0, 0, 21, 5, 221
"/Users/xiaodi/Desktop/program/react/react-workfly/src/redux/reducer/RootState.ts", "TypeScript", 0, 14, 0, 0, 0, 0, 0, 0, 0, 3, 17
"/Users/xiaodi/Desktop/program/react/react-workfly/src/redux/reducer/auth.ts", "TypeScript", 0, 307, 0, 0, 0, 0, 0, 0, 7, 6, 320
"/Users/xiaodi/Desktop/program/react/react-workfly/src/redux/reducer/common.ts", "TypeScript", 0, 234, 0, 0, 0, 0, 0, 0, 2, 2, 238
"/Users/xiaodi/Desktop/program/react/react-workfly/src/redux/reducer/group.ts", "TypeScript", 0, 64, 0, 0, 0, 0, 0, 0, 1, 4, 69
"/Users/xiaodi/Desktop/program/react/react-workfly/src/redux/reducer/index.ts", "TypeScript", 0, 14, 0, 0, 0, 0, 0, 0, 0, 3, 17
"/Users/xiaodi/Desktop/program/react/react-workfly/src/redux/reducer/member.ts", "TypeScript", 0, 150, 0, 0, 0, 0, 0, 0, 3, 3, 156
"/Users/xiaodi/Desktop/program/react/react-workfly/src/redux/reducer/task.ts", "TypeScript", 0, 298, 0, 0, 0, 0, 0, 0, 6, 3, 307
"/Users/xiaodi/Desktop/program/react/react-workfly/src/redux/saga/authSaga.ts", "TypeScript", 0, 108, 0, 0, 0, 0, 0, 0, 0, 4, 112
"/Users/xiaodi/Desktop/program/react/react-workfly/src/redux/saga/groupSaga.ts", "TypeScript", 0, 46, 0, 0, 0, 0, 0, 0, 0, 3, 49
"/Users/xiaodi/Desktop/program/react/react-workfly/src/redux/saga/memberSaga.ts", "TypeScript", 0, 116, 0, 0, 0, 0, 0, 0, 0, 2, 118
"/Users/xiaodi/Desktop/program/react/react-workfly/src/redux/saga/rootSaga.ts", "TypeScript", 0, 9, 0, 0, 0, 0, 0, 0, 0, 2, 11
"/Users/xiaodi/Desktop/program/react/react-workfly/src/redux/saga/taskSaga.ts", "TypeScript", 0, 141, 0, 0, 0, 0, 0, 0, 15, 6, 162
"/Users/xiaodi/Desktop/program/react/react-workfly/src/redux/store.ts", "TypeScript", 0, 11, 0, 0, 0, 0, 0, 0, 0, 4, 15
"/Users/xiaodi/Desktop/program/react/react-workfly/src/reportWebVitals.ts", "TypeScript", 0, 13, 0, 0, 0, 0, 0, 0, 0, 3, 16
"/Users/xiaodi/Desktop/program/react/react-workfly/src/routes/Routes.tsx", "TypeScript React", 0, 0, 18, 0, 0, 0, 0, 0, 0, 2, 20
"/Users/xiaodi/Desktop/program/react/react-workfly/src/routes/index.tsx", "TypeScript React", 0, 0, 13, 0, 0, 0, 0, 0, 9, 3, 25
"/Users/xiaodi/Desktop/program/react/react-workfly/src/serviceWorker1.ts", "TypeScript", 0, 106, 0, 0, 0, 0, 0, 0, 31, 13, 150
"/Users/xiaodi/Desktop/program/react/react-workfly/src/services/api.ts", "TypeScript", 0, 1878, 0, 0, 0, 0, 0, 0, 97, 11, 1986
"/Users/xiaodi/Desktop/program/react/react-workfly/src/services/qiniu.js", "JavaScript", 40, 0, 0, 0, 0, 0, 0, 0, 5, 6, 51
"/Users/xiaodi/Desktop/program/react/react-workfly/src/services/uploadImage.js", "JavaScript", 89, 0, 0, 0, 0, 0, 0, 0, 11, 15, 115
"/Users/xiaodi/Desktop/program/react/react-workfly/src/services/util.js", "JavaScript", 54, 0, 0, 0, 0, 0, 0, 0, 7, 8, 69
"/Users/xiaodi/Desktop/program/react/react-workfly/src/setupTests.ts", "TypeScript", 0, 1, 0, 0, 0, 0, 0, 0, 4, 1, 6
"/Users/xiaodi/Desktop/program/react/react-workfly/src/typing.d.ts", "TypeScript", 0, 5, 0, 0, 0, 0, 0, 0, 0, 0, 5
"/Users/xiaodi/Desktop/program/react/react-workfly/src/view.tsx", "TypeScript React", 0, 0, 57, 0, 0, 0, 0, 0, 3, 2, 62
"/Users/xiaodi/Desktop/program/react/react-workfly/src/views/basic/basic.css", "CSS", 0, 0, 0, 0, 66, 0, 0, 0, 0, 5, 71
"/Users/xiaodi/Desktop/program/react/react-workfly/src/views/basic/basic.tsx", "TypeScript React", 0, 0, 272, 0, 0, 0, 0, 0, 53, 5, 330
"/Users/xiaodi/Desktop/program/react/react-workfly/src/views/basic/fileBasic.tsx", "TypeScript React", 0, 0, 17, 0, 0, 0, 0, 0, 1, 2, 20
"/Users/xiaodi/Desktop/program/react/react-workfly/src/views/board/mainBoard.css", "CSS", 0, 0, 0, 0, 32, 0, 0, 0, 3, 1, 36
"/Users/xiaodi/Desktop/program/react/react-workfly/src/views/board/mainBoard.tsx", "TypeScript React", 0, 0, 208, 0, 0, 0, 0, 0, 7, 9, 224
"/Users/xiaodi/Desktop/program/react/react-workfly/src/views/board/memberBoard.css", "CSS", 0, 0, 0, 0, 100, 0, 0, 0, 6, 13, 119
"/Users/xiaodi/Desktop/program/react/react-workfly/src/views/board/memberBoard.tsx", "TypeScript React", 0, 0, 317, 0, 0, 0, 0, 0, 25, 7, 349
"/Users/xiaodi/Desktop/program/react/react-workfly/src/views/board/messageBoard.css", "CSS", 0, 0, 0, 0, 100, 0, 0, 0, 2, 12, 114
"/Users/xiaodi/Desktop/program/react/react-workfly/src/views/board/messageBoard.tsx", "TypeScript React", 0, 0, 411, 0, 0, 0, 0, 0, 26, 10, 447
"/Users/xiaodi/Desktop/program/react/react-workfly/src/views/board/messageBoardItem copy.tsx", "TypeScript React", 0, 0, 379, 0, 0, 0, 0, 0, 23, 10, 412
"/Users/xiaodi/Desktop/program/react/react-workfly/src/views/board/messageBoardItem.css", "CSS", 0, 0, 0, 0, 115, 0, 0, 0, 2, 15, 132
"/Users/xiaodi/Desktop/program/react/react-workfly/src/views/board/messageBoardItem.tsx", "TypeScript React", 0, 0, 282, 0, 0, 0, 0, 0, 8, 5, 295
"/Users/xiaodi/Desktop/program/react/react-workfly/src/views/bootpage/bootpage.css", "CSS", 0, 0, 0, 0, 88, 0, 0, 0, 1, 11, 100
"/Users/xiaodi/Desktop/program/react/react-workfly/src/views/bootpage/bootpage.tsx", "TypeScript React", 0, 0, 99, 0, 0, 0, 0, 0, 21, 1, 121
"/Users/xiaodi/Desktop/program/react/react-workfly/src/views/calendar/calendar.css", "CSS", 0, 0, 0, 0, 188, 0, 0, 0, 14, 27, 229
"/Users/xiaodi/Desktop/program/react/react-workfly/src/views/calendar/calendar.tsx", "TypeScript React", 0, 0, 795, 0, 0, 0, 0, 0, 37, 20, 852
"/Users/xiaodi/Desktop/program/react/react-workfly/src/views/calendar/calendarHeader.css", "CSS", 0, 0, 0, 0, 15, 0, 0, 0, 0, 1, 16
"/Users/xiaodi/Desktop/program/react/react-workfly/src/views/calendar/calendarHeader.tsx", "TypeScript React", 0, 0, 18, 0, 0, 0, 0, 0, 2, 2, 22
"/Users/xiaodi/Desktop/program/react/react-workfly/src/views/calendar/calendarInfo copy.tsx", "TypeScript React", 0, 0, 729, 0, 0, 0, 0, 0, 47, 12, 788
"/Users/xiaodi/Desktop/program/react/react-workfly/src/views/calendar/calendarInfo.css", "CSS", 0, 0, 0, 0, 233, 0, 0, 0, 2, 34, 269
"/Users/xiaodi/Desktop/program/react/react-workfly/src/views/calendar/calendarInfo.tsx", "TypeScript React", 0, 0, 817, 0, 0, 0, 0, 0, 159, 17, 993
"/Users/xiaodi/Desktop/program/react/react-workfly/src/views/calendar/calendarItem.css", "CSS", 0, 0, 0, 0, 51, 0, 0, 0, 1, 2, 54
"/Users/xiaodi/Desktop/program/react/react-workfly/src/views/calendar/calendar_copy.tsx", "TypeScript React", 0, 0, 848, 0, 0, 0, 0, 0, 97, 16, 961
"/Users/xiaodi/Desktop/program/react/react-workfly/src/views/chat/chat.css", "CSS", 0, 0, 0, 0, 38, 0, 0, 0, 0, 1, 39
"/Users/xiaodi/Desktop/program/react/react-workfly/src/views/chat/chat.tsx", "TypeScript React", 0, 0, 181, 0, 0, 0, 0, 0, 0, 8, 189
"/Users/xiaodi/Desktop/program/react/react-workfly/src/views/common/common.css", "CSS", 0, 0, 0, 0, 3, 0, 0, 0, 0, 0, 3
"/Users/xiaodi/Desktop/program/react/react-workfly/src/views/common/common.tsx", "TypeScript React", 0, 0, 379, 0, 0, 0, 0, 0, 37, 9, 425
"/Users/xiaodi/Desktop/program/react/react-workfly/src/views/company/company.css", "CSS", 0, 0, 0, 0, 200, 0, 0, 0, 4, 20, 224
"/Users/xiaodi/Desktop/program/react/react-workfly/src/views/company/company.tsx", "TypeScript React", 0, 0, 312, 0, 0, 0, 0, 0, 21, 9, 342
"/Users/xiaodi/Desktop/program/react/react-workfly/src/views/company/companyAccount.css", "CSS", 0, 0, 0, 0, 34, 0, 0, 0, 0, 1, 35
"/Users/xiaodi/Desktop/program/react/react-workfly/src/views/company/companyAccount.tsx", "TypeScript React", 0, 0, 37, 0, 0, 0, 0, 0, 27, 3, 67
"/Users/xiaodi/Desktop/program/react/react-workfly/src/views/company/companyDepartment.css", "CSS", 0, 0, 0, 0, 109, 0, 0, 0, 0, 7, 116
"/Users/xiaodi/Desktop/program/react/react-workfly/src/views/company/companyDepartment.tsx", "TypeScript React", 0, 0, 527, 0, 0, 0, 0, 0, 138, 17, 682
"/Users/xiaodi/Desktop/program/react/react-workfly/src/views/company/companyEdit.css", "CSS", 0, 0, 0, 0, 91, 0, 0, 0, 0, 1, 92
"/Users/xiaodi/Desktop/program/react/react-workfly/src/views/company/companyEdit.tsx", "TypeScript React", 0, 0, 354, 0, 0, 0, 0, 0, 134, 9, 497
"/Users/xiaodi/Desktop/program/react/react-workfly/src/views/company/companyGroup.css", "CSS", 0, 0, 0, 0, 34, 0, 0, 0, 0, 1, 35
"/Users/xiaodi/Desktop/program/react/react-workfly/src/views/company/companyGroup.tsx", "TypeScript React", 0, 0, 699, 0, 0, 0, 0, 0, 200, 11, 910
"/Users/xiaodi/Desktop/program/react/react-workfly/src/views/company/companyOkr.css", "CSS", 0, 0, 0, 0, 17, 0, 0, 0, 0, 1, 18
"/Users/xiaodi/Desktop/program/react/react-workfly/src/views/company/companyOkr.tsx", "TypeScript React", 0, 0, 143, 0, 0, 0, 0, 0, 1, 1, 145
"/Users/xiaodi/Desktop/program/react/react-workfly/src/views/company/companyPerson.css", "CSS", 0, 0, 0, 0, 82, 0, 0, 0, 0, 2, 84
"/Users/xiaodi/Desktop/program/react/react-workfly/src/views/company/companyPerson.tsx", "TypeScript React", 0, 0, 913, 0, 0, 0, 0, 0, 89, 21, 1023
"/Users/xiaodi/Desktop/program/react/react-workfly/src/views/company/companySearch.css", "CSS", 0, 0, 0, 0, 27, 0, 0, 0, 1, 1, 29
"/Users/xiaodi/Desktop/program/react/react-workfly/src/views/company/companySearchList.tsx", "TypeScript React", 0, 0, 592, 0, 0, 0, 0, 0, 7, 16, 615
"/Users/xiaodi/Desktop/program/react/react-workfly/src/views/company/companySubject.tsx", "TypeScript React", 0, 0, 318, 0, 0, 0, 0, 0, 2, 15, 335
"/Users/xiaodi/Desktop/program/react/react-workfly/src/views/companyBasic/company.css", "CSS", 0, 0, 0, 0, 267, 0, 0, 0, 4, 35, 306
"/Users/xiaodi/Desktop/program/react/react-workfly/src/views/companyBasic/company.tsx", "TypeScript React", 0, 0, 1041, 0, 0, 0, 0, 0, 10, 11, 1062
"/Users/xiaodi/Desktop/program/react/react-workfly/src/views/companyBasic/companyHeader.css", "CSS", 0, 0, 0, 0, 30, 0, 0, 0, 0, 1, 31
"/Users/xiaodi/Desktop/program/react/react-workfly/src/views/companyBasic/companyHeader.tsx", "TypeScript React", 0, 0, 36, 0, 0, 0, 0, 0, 2, 4, 42
"/Users/xiaodi/Desktop/program/react/react-workfly/src/views/contact/contact.css", "CSS", 0, 0, 0, 0, 229, 0, 0, 0, 3, 33, 265
"/Users/xiaodi/Desktop/program/react/react-workfly/src/views/contact/contact.tsx", "TypeScript React", 0, 0, 1039, 0, 0, 0, 0, 0, 96, 18, 1153
"/Users/xiaodi/Desktop/program/react/react-workfly/src/views/contact/contactMember.css", "CSS", 0, 0, 0, 0, 72, 0, 0, 0, 0, 10, 82
"/Users/xiaodi/Desktop/program/react/react-workfly/src/views/contact/contactMember.tsx", "TypeScript React", 0, 0, 255, 0, 0, 0, 0, 0, 2, 1, 258
"/Users/xiaodi/Desktop/program/react/react-workfly/src/views/content/content.css", "CSS", 0, 0, 0, 0, 246, 0, 0, 0, 16, 31, 293
"/Users/xiaodi/Desktop/program/react/react-workfly/src/views/content/content.tsx", "TypeScript React", 0, 0, 401, 0, 0, 0, 0, 0, 272, 11, 684
"/Users/xiaodi/Desktop/program/react/react-workfly/src/views/content/contentHeader.css", "CSS", 0, 0, 0, 0, 17, 0, 0, 0, 1, 1, 19
"/Users/xiaodi/Desktop/program/react/react-workfly/src/views/content/contentHeader.tsx", "TypeScript React", 0, 0, 40, 0, 0, 0, 0, 0, 10, 3, 53
"/Users/xiaodi/Desktop/program/react/react-workfly/src/views/content/contentModal.css", "CSS", 0, 0, 0, 0, 110, 0, 0, 0, 4, 16, 130
"/Users/xiaodi/Desktop/program/react/react-workfly/src/views/content/contentModal.tsx", "TypeScript React", 0, 0, 171, 0, 0, 0, 0, 0, 60, 5, 236
"/Users/xiaodi/Desktop/program/react/react-workfly/src/views/content/contentTime.tsx", "TypeScript React", 0, 0, 49, 0, 0, 0, 0, 0, 1, 2, 52
"/Users/xiaodi/Desktop/program/react/react-workfly/src/views/create/create.css", "CSS", 0, 0, 0, 0, 0, 0, 0, 0, 0, 1, 1
"/Users/xiaodi/Desktop/program/react/react-workfly/src/views/create/create.tsx", "TypeScript React", 0, 0, 33, 0, 0, 0, 0, 0, 0, 2, 35
"/Users/xiaodi/Desktop/program/react/react-workfly/src/views/download/download.css", "CSS", 0, 0, 0, 0, 264, 0, 0, 0, 3, 54, 321
"/Users/xiaodi/Desktop/program/react/react-workfly/src/views/download/download.tsx", "TypeScript React", 0, 0, 211, 0, 0, 0, 0, 0, 22, 4, 237
"/Users/xiaodi/Desktop/program/react/react-workfly/src/views/download/help.tsx", "TypeScript React", 0, 0, 43, 0, 0, 0, 0, 0, 1, 1, 45
"/Users/xiaodi/Desktop/program/react/react-workfly/src/views/download/img/icon0.svg", "XML", 0, 0, 0, 14, 0, 0, 0, 0, 1, 0, 15
"/Users/xiaodi/Desktop/program/react/react-workfly/src/views/download/img/icon1.svg", "XML", 0, 0, 0, 14, 0, 0, 0, 0, 1, 0, 15
"/Users/xiaodi/Desktop/program/react/react-workfly/src/views/download/img/icon2.svg", "XML", 0, 0, 0, 14, 0, 0, 0, 0, 1, 0, 15
"/Users/xiaodi/Desktop/program/react/react-workfly/src/views/download/img/icon3.svg", "XML", 0, 0, 0, 14, 0, 0, 0, 0, 1, 0, 15
"/Users/xiaodi/Desktop/program/react/react-workfly/src/views/download/img/icon4.svg", "XML", 0, 0, 0, 14, 0, 0, 0, 0, 1, 0, 15
"/Users/xiaodi/Desktop/program/react/react-workfly/src/views/download/img/icon5.svg", "XML", 0, 0, 0, 13, 0, 0, 0, 0, 1, 0, 14
"/Users/xiaodi/Desktop/program/react/react-workfly/src/views/download/img/iphone0.svg", "XML", 0, 0, 0, 10, 0, 0, 0, 0, 1, 0, 11
"/Users/xiaodi/Desktop/program/react/react-workfly/src/views/download/img/iphone1.svg", "XML", 0, 0, 0, 10, 0, 0, 0, 0, 1, 0, 11
"/Users/xiaodi/Desktop/program/react/react-workfly/src/views/download/img/iphone2.svg", "XML", 0, 0, 0, 10, 0, 0, 0, 0, 1, 0, 11
"/Users/xiaodi/Desktop/program/react/react-workfly/src/views/download/img/local.svg", "XML", 0, 0, 0, 15, 0, 0, 0, 0, 1, 0, 16
"/Users/xiaodi/Desktop/program/react/react-workfly/src/views/file/file.css", "CSS", 0, 0, 0, 0, 49, 0, 0, 0, 0, 1, 50
"/Users/xiaodi/Desktop/program/react/react-workfly/src/views/file/file.tsx", "TypeScript React", 0, 0, 597, 0, 0, 0, 0, 0, 67, 5, 669
"/Users/xiaodi/Desktop/program/react/react-workfly/src/views/file/fileHeader.css", "CSS", 0, 0, 0, 0, 31, 0, 0, 0, 0, 3, 34
"/Users/xiaodi/Desktop/program/react/react-workfly/src/views/file/fileHeader.tsx", "TypeScript React", 0, 0, 77, 0, 0, 0, 0, 0, 2, 2, 81
"/Users/xiaodi/Desktop/program/react/react-workfly/src/views/file/fileInfo.css", "CSS", 0, 0, 0, 0, 0, 0, 0, 0, 0, 1, 1
"/Users/xiaodi/Desktop/program/react/react-workfly/src/views/file/fileInfo.tsx", "TypeScript React", 0, 0, 12, 0, 0, 0, 0, 0, 1, 2, 15
"/Users/xiaodi/Desktop/program/react/react-workfly/src/views/groupTable/Untitled-1.json", "JSON", 0, 0, 0, 0, 0, 0, 1, 0, 0, 0, 1
"/Users/xiaodi/Desktop/program/react/react-workfly/src/views/groupTable/groupTable.css", "CSS", 0, 0, 0, 0, 9, 0, 0, 0, 5, 1, 15
"/Users/xiaodi/Desktop/program/react/react-workfly/src/views/groupTable/groupTable.tsx", "TypeScript React", 0, 0, 84, 0, 0, 0, 0, 0, 1, 7, 92
"/Users/xiaodi/Desktop/program/react/react-workfly/src/views/groupTable/groupTableChat.css", "CSS", 0, 0, 0, 0, 208, 0, 0, 0, 0, 3, 211
"/Users/xiaodi/Desktop/program/react/react-workfly/src/views/groupTable/groupTableChat.tsx", "TypeScript React", 0, 0, 1164, 0, 0, 0, 0, 0, 74, 9, 1247
"/Users/xiaodi/Desktop/program/react/react-workfly/src/views/groupTable/groupTableData.css", "CSS", 0, 0, 0, 0, 272, 0, 0, 0, 2, 38, 312
"/Users/xiaodi/Desktop/program/react/react-workfly/src/views/groupTable/groupTableData.tsx", "TypeScript React", 0, 0, 395, 0, 0, 0, 0, 0, 136, 15, 546
"/Users/xiaodi/Desktop/program/react/react-workfly/src/views/groupTable/groupTableDocument.css", "CSS", 0, 0, 0, 0, 37, 0, 0, 0, 0, 5, 42
"/Users/xiaodi/Desktop/program/react/react-workfly/src/views/groupTable/groupTableDocument.tsx", "TypeScript React", 0, 0, 164, 0, 0, 0, 0, 0, 0, 4, 168
"/Users/xiaodi/Desktop/program/react/react-workfly/src/views/groupTable/groupTableGroup.css", "CSS", 0, 0, 0, 0, 231, 0, 0, 0, 9, 38, 278
"/Users/xiaodi/Desktop/program/react/react-workfly/src/views/groupTable/groupTableGroup.tsx", "TypeScript React", 0, 0, 920, 0, 0, 0, 0, 0, 46, 25, 991
"/Users/xiaodi/Desktop/program/react/react-workfly/src/views/groupTable/groupTableHeader.css", "CSS", 0, 0, 0, 0, 185, 0, 0, 0, 3, 23, 211
"/Users/xiaodi/Desktop/program/react/react-workfly/src/views/groupTable/groupTableHeader.tsx", "TypeScript React", 0, 0, 1333, 0, 0, 0, 0, 0, 47, 12, 1392
"/Users/xiaodi/Desktop/program/react/react-workfly/src/views/groupTable/groupTableInfo.tsx", "TypeScript React", 0, 0, 573, 0, 0, 0, 0, 0, 355, 9, 937
"/Users/xiaodi/Desktop/program/react/react-workfly/src/views/groupTable/groupTablePerson.css", "CSS", 0, 0, 0, 0, 0, 0, 0, 0, 0, 2, 2
"/Users/xiaodi/Desktop/program/react/react-workfly/src/views/groupTable/groupTablePerson.tsx", "TypeScript React", 0, 0, 270, 0, 0, 0, 0, 0, 24, 10, 304
"/Users/xiaodi/Desktop/program/react/react-workfly/src/views/groupTable/groupTableTree.css", "CSS", 0, 0, 0, 0, 348, 0, 0, 0, 12, 51, 411
"/Users/xiaodi/Desktop/program/react/react-workfly/src/views/groupTable/groupTableTree.tsx", "TypeScript React", 0, 0, 2114, 0, 0, 0, 0, 0, 256, 33, 2403
"/Users/xiaodi/Desktop/program/react/react-workfly/src/views/groupTable/groupTableTreeItem.css", "CSS", 0, 0, 0, 0, 32, 0, 0, 0, 0, 1, 33
"/Users/xiaodi/Desktop/program/react/react-workfly/src/views/groupTable/groupTableTreeItem.tsx", "TypeScript React", 0, 0, 82, 0, 0, 0, 0, 0, 0, 3, 85
"/Users/xiaodi/Desktop/program/react/react-workfly/src/views/groupTable/groupTableTreeType.tsx", "TypeScript React", 0, 0, 95, 0, 0, 0, 0, 0, 0, 3, 98
"/Users/xiaodi/Desktop/program/react/react-workfly/src/views/groupTable/test.jsx", "JavaScript React", 0, 0, 0, 0, 0, 83, 0, 0, 21, 19, 123
"/Users/xiaodi/Desktop/program/react/react-workfly/src/views/home/home.css", "CSS", 0, 0, 0, 0, 250, 0, 0, 0, 14, 40, 304
"/Users/xiaodi/Desktop/program/react/react-workfly/src/views/home/home.tsx", "TypeScript React", 0, 0, 744, 0, 0, 0, 0, 0, 223, 18, 985
"/Users/xiaodi/Desktop/program/react/react-workfly/src/views/home/homeCanvas.jsx", "JavaScript React", 0, 0, 0, 0, 0, 111, 0, 0, 4, 9, 124
"/Users/xiaodi/Desktop/program/react/react-workfly/src/views/invite/invite.tsx", "TypeScript React", 0, 0, 149, 0, 0, 0, 0, 0, 2, 3, 154
"/Users/xiaodi/Desktop/program/react/react-workfly/src/views/okr/oInfo.tsx", "TypeScript React", 0, 0, 137, 0, 0, 0, 0, 0, 0, 2, 139
"/Users/xiaodi/Desktop/program/react/react-workfly/src/views/okr/okr.css", "CSS", 0, 0, 0, 0, 57, 0, 0, 0, 0, 5, 62
"/Users/xiaodi/Desktop/program/react/react-workfly/src/views/okr/okr.tsx", "TypeScript React", 0, 0, 603, 0, 0, 0, 0, 0, 19, 6, 628
"/Users/xiaodi/Desktop/program/react/react-workfly/src/views/okr/okrDialog.css", "CSS", 0, 0, 0, 0, 64, 0, 0, 0, 0, 13, 77
"/Users/xiaodi/Desktop/program/react/react-workfly/src/views/okr/okrDialog.tsx", "TypeScript React", 0, 0, 152, 0, 0, 0, 0, 0, 0, 1, 153
"/Users/xiaodi/Desktop/program/react/react-workfly/src/views/okr/okrHeader.css", "CSS", 0, 0, 0, 0, 95, 0, 0, 0, 2, 14, 111
"/Users/xiaodi/Desktop/program/react/react-workfly/src/views/okr/okrHeader.tsx", "TypeScript React", 0, 0, 518, 0, 0, 0, 0, 0, 7, 10, 535
"/Users/xiaodi/Desktop/program/react/react-workfly/src/views/okr/okrItem.css", "CSS", 0, 0, 0, 0, 316, 0, 0, 0, 17, 50, 383
"/Users/xiaodi/Desktop/program/react/react-workfly/src/views/okr/okrItem.tsx", "TypeScript React", 0, 0, 2164, 0, 0, 0, 0, 0, 100, 12, 2276
"/Users/xiaodi/Desktop/program/react/react-workfly/src/views/okr/okrList.css", "CSS", 0, 0, 0, 0, 65, 0, 0, 0, 0, 12, 77
"/Users/xiaodi/Desktop/program/react/react-workfly/src/views/okr/okrList.tsx", "TypeScript React", 0, 0, 131, 0, 0, 0, 0, 0, 0, 1, 132
"/Users/xiaodi/Desktop/program/react/react-workfly/src/views/okr/okrStatistics.css", "CSS", 0, 0, 0, 0, 24, 0, 0, 0, 0, 1, 25
"/Users/xiaodi/Desktop/program/react/react-workfly/src/views/okr/okrStatistics.tsx", "TypeScript React", 0, 0, 134, 0, 0, 0, 0, 0, 1, 2, 137
"/Users/xiaodi/Desktop/program/react/react-workfly/src/views/okr/okrTable.css", "CSS", 0, 0, 0, 0, 46, 0, 0, 0, 0, 10, 56
"/Users/xiaodi/Desktop/program/react/react-workfly/src/views/okr/okrTable.tsx", "TypeScript React", 0, 0, 237, 0, 0, 0, 0, 0, 1, 6, 244
"/Users/xiaodi/Desktop/program/react/react-workfly/src/views/okr/okrTree.css", "CSS", 0, 0, 0, 0, 0, 0, 0, 0, 0, 1, 1
"/Users/xiaodi/Desktop/program/react/react-workfly/src/views/okr/okrTree.tsx", "TypeScript React", 0, 0, 43, 0, 0, 0, 0, 0, 2, 1, 46
"/Users/xiaodi/Desktop/program/react/react-workfly/src/views/phoneHome/phoneContent.css", "CSS", 0, 0, 0, 0, 89, 0, 0, 0, 0, 13, 102
"/Users/xiaodi/Desktop/program/react/react-workfly/src/views/phoneHome/phoneContent.tsx", "TypeScript React", 0, 0, 618, 0, 0, 0, 0, 0, 67, 10, 695
"/Users/xiaodi/Desktop/program/react/react-workfly/src/views/phoneHome/phoneHome.css", "CSS", 0, 0, 0, 0, 22, 0, 0, 0, 5, 5, 32
"/Users/xiaodi/Desktop/program/react/react-workfly/src/views/phoneHome/phoneHome.tsx", "TypeScript React", 0, 0, 186, 0, 0, 0, 0, 0, 2, 7, 195
"/Users/xiaodi/Desktop/program/react/react-workfly/src/views/phoneHome/phoneTree.css", "CSS", 0, 0, 0, 0, 104, 0, 0, 0, 0, 15, 119
"/Users/xiaodi/Desktop/program/react/react-workfly/src/views/phoneHome/phoneTree.tsx", "TypeScript React", 0, 0, 1077, 0, 0, 0, 0, 0, 58, 18, 1153
"/Users/xiaodi/Desktop/program/react/react-workfly/src/views/showPage/showPage.css", "CSS", 0, 0, 0, 0, 364, 0, 0, 0, 10, 56, 430
"/Users/xiaodi/Desktop/program/react/react-workfly/src/views/showPage/showPage.tsx", "TypeScript React", 0, 0, 726, 0, 0, 0, 0, 0, 39, 20, 785
"/Users/xiaodi/Desktop/program/react/react-workfly/src/views/showPage/timePoint.tsx", "TypeScript React", 0, 0, 71, 0, 0, 0, 0, 0, 13, 3, 87
"/Users/xiaodi/Desktop/program/react/react-workfly/src/views/tabs/groupConfig.tsx", "TypeScript React", 0, 0, 211, 0, 0, 0, 0, 0, 270, 12, 493
"/Users/xiaodi/Desktop/program/react/react-workfly/src/views/tabs/groupCreate.tsx", "TypeScript React", 0, 0, 308, 0, 0, 0, 0, 0, 36, 6, 350
"/Users/xiaodi/Desktop/program/react/react-workfly/src/views/tabs/groupMember.css", "CSS", 0, 0, 0, 0, 199, 0, 0, 0, 5, 35, 239
"/Users/xiaodi/Desktop/program/react/react-workfly/src/views/tabs/groupMember.tsx", "TypeScript React", 0, 0, 1017, 0, 0, 0, 0, 0, 80, 21, 1118
"/Users/xiaodi/Desktop/program/react/react-workfly/src/views/tabs/groupModel.css", "CSS", 0, 0, 0, 0, 245, 0, 0, 0, 3, 34, 282
"/Users/xiaodi/Desktop/program/react/react-workfly/src/views/tabs/groupModel.tsx", "TypeScript React", 0, 0, 323, 0, 0, 0, 0, 0, 4, 9, 336
"/Users/xiaodi/Desktop/program/react/react-workfly/src/views/tabs/groupSet.css", "CSS", 0, 0, 0, 0, 105, 0, 0, 0, 7, 15, 127
"/Users/xiaodi/Desktop/program/react/react-workfly/src/views/tabs/groupSet.tsx", "TypeScript React", 0, 0, 384, 0, 0, 0, 0, 0, 133, 16, 533
"/Users/xiaodi/Desktop/program/react/react-workfly/src/views/tabs/tabs.css", "CSS", 0, 0, 0, 0, 248, 0, 0, 0, 16, 39, 303
"/Users/xiaodi/Desktop/program/react/react-workfly/src/views/tabs/tabs.tsx", "TypeScript React", 0, 0, 660, 0, 0, 0, 0, 0, 40, 16, 716
"/Users/xiaodi/Desktop/program/react/react-workfly/src/views/test/test.css", "CSS", 0, 0, 0, 0, 48, 0, 0, 0, 0, 0, 48
"/Users/xiaodi/Desktop/program/react/react-workfly/src/views/test/test.tsx", "TypeScript React", 0, 0, 9, 0, 0, 0, 0, 0, 0, 4, 13
"/Users/xiaodi/Desktop/program/react/react-workfly/src/views/welcome/homeImg.tsx", "TypeScript React", 0, 0, 13, 0, 0, 0, 0, 0, 1, 3, 17
"/Users/xiaodi/Desktop/program/react/react-workfly/src/views/welcome/htmlWelcome.css", "CSS", 0, 0, 0, 0, 345, 0, 0, 0, 23, 51, 419
"/Users/xiaodi/Desktop/program/react/react-workfly/src/views/welcome/htmlWelcome.tsx", "TypeScript React", 0, 0, 544, 0, 0, 0, 0, 0, 60, 6, 610
"/Users/xiaodi/Desktop/program/react/react-workfly/src/views/welcome/phoneWelcome.css", "CSS", 0, 0, 0, 0, 92, 0, 0, 0, 3, 13, 108
"/Users/xiaodi/Desktop/program/react/react-workfly/src/views/welcome/phoneWelcome.tsx", "TypeScript React", 0, 0, 310, 0, 0, 0, 0, 0, 2, 5, 317
"/Users/xiaodi/Desktop/program/react/react-workfly/src/views/welcome/welcome.css", "CSS", 0, 0, 0, 0, 20, 0, 0, 0, 52, 3, 75
"/Users/xiaodi/Desktop/program/react/react-workfly/src/views/welcome/welcome.tsx", "TypeScript React", 0, 0, 125, 0, 0, 0, 0, 0, 9, 5, 139
"/Users/xiaodi/Desktop/program/react/react-workfly/src/views/workingTable/workingCalendar.css", "CSS", 0, 0, 0, 0, 61, 0, 0, 0, 4, 1, 66
"/Users/xiaodi/Desktop/program/react/react-workfly/src/views/workingTable/workingCalendar.tsx", "TypeScript React", 0, 0, 200, 0, 0, 0, 0, 0, 0, 7, 207
"/Users/xiaodi/Desktop/program/react/react-workfly/src/views/workingTable/workingReport.css", "CSS", 0, 0, 0, 0, 523, 0, 0, 0, 8, 79, 610
"/Users/xiaodi/Desktop/program/react/react-workfly/src/views/workingTable/workingReport.tsx", "TypeScript React", 0, 0, 768, 0, 0, 0, 0, 0, 129, 18, 915
"/Users/xiaodi/Desktop/program/react/react-workfly/src/views/workingTable/workingReport1.css", "CSS", 0, 0, 0, 0, 509, 0, 0, 0, 8, 71, 588
"/Users/xiaodi/Desktop/program/react/react-workfly/src/views/workingTable/workingReport1.tsx", "TypeScript React", 0, 0, 979, 0, 0, 0, 0, 0, 40, 16, 1035
"/Users/xiaodi/Desktop/program/react/react-workfly/src/views/workingTable/workingTable.css", "CSS", 0, 0, 0, 0, 36, 0, 0, 0, 0, 5, 41
"/Users/xiaodi/Desktop/program/react/react-workfly/src/views/workingTable/workingTable.tsx", "TypeScript React", 0, 0, 188, 0, 0, 0, 0, 0, 26, 11, 225
"/Users/xiaodi/Desktop/program/react/react-workfly/src/views/workingTable/workingTableGroup.tsx", "TypeScript React", 0, 0, 287, 0, 0, 0, 0, 0, 8, 6, 301
"/Users/xiaodi/Desktop/program/react/react-workfly/src/views/workingTable/workingTableHeader.css", "CSS", 0, 0, 0, 0, 227, 0, 0, 0, 4, 37, 268
"/Users/xiaodi/Desktop/program/react/react-workfly/src/views/workingTable/workingTableHeader.tsx", "TypeScript React", 0, 0, 972, 0, 0, 0, 0, 0, 107, 12, 1091
"/Users/xiaodi/Desktop/program/react/react-workfly/src/views/workingTable/workingTableLabel.css", "CSS", 0, 0, 0, 0, 99, 0, 0, 0, 23, 16, 138
"/Users/xiaodi/Desktop/program/react/react-workfly/src/views/workingTable/workingTableLabel.tsx", "TypeScript React", 0, 0, 338, 0, 0, 0, 0, 0, 25, 11, 374
"/Users/xiaodi/Desktop/program/react/react-workfly/src/views/workingTable/workingTableSimple.css", "CSS", 0, 0, 0, 0, 38, 0, 0, 0, 3, 1, 42
"/Users/xiaodi/Desktop/program/react/react-workfly/src/views/workingTable/workingTableSimple.tsx", "TypeScript React", 0, 0, 38, 0, 0, 0, 0, 0, 238, 9, 285
"Total", "-", 868, 13881, 51220, 5428, 12350, 208, 1, 3, 8018, 3083, 95060